id,nom,prenom,genre,naissance,codepostal
1,Wagner,Cyril,1,1994-06-20,88650
2,Fievet,Kévin,1,1963-06-03,88480
3,Maury,Coline,2,1954-10-09,88490
4,Guilbaud,Valérie,2,1979-01-15,88490
5,Besnard,Christian,1,1984-04-28,88420
6,Cuvelier,Théodore,1,1964-04-30,88100
7,Baudouin,Léandre,1,1973-01-30,88430
8,Frémont,Patrick,1,1984-06-26,88110
9,Chauveau,Jonathan,1,1981-01-10,88100
10,Maurin,Brigitte,2,1954-08-17,88470
11,Ragot,Yoann,1,1990-08-28,88490
12,Pouget,Timeo,1,1973-02-27,88430
13,Gérard,Valère,1,1967-05-19,88110
14,Aubertin,Denise,2,1946-05-30,88210
15,Philippon,Aurore,2,1962-11-15,88470
16,Papin,Patricia,2,1989-08-24,88110
17,Pillet,Laurent,1,1985-09-13,88100
18,Bérard,Gaston,1,1978-03-19,88520
19,Aubin,Jade,2,1954-03-07,88210
20,Dubourg,Aurelia,2,1977-02-27,88490
21,Lucas,Amélie,2,1987-12-07,88110
22,Renaud,Marcel,1,1951-06-16,88480
23,Cochet,Juliette,2,1975-07-02,88650
24,Sevin,Augustine,2,1948-08-11,88480
25,Billy,Antoinette,2,1977-01-12,88490
26,Bouchet,Maël,1,1962-04-28,88100
27,Renou,Tania,2,1991-01-16,88490
28,Prunier,Daniel,1,1951-10-16,88430
29,Auffret,Magali,2,1951-08-03,88490
30,Cote,Guilhem,1,1947-08-09,88420
31,Le Bihan,Philippe,1,1951-06-02,88520
32,Mousset,Roméo,1,1978-08-03,88520
33,Lebreton,Loris,1,1951-04-06,88480
34,Bocquet,Lorrain,1,1960-10-24,88480
35,Guiot,Malone,1,1947-12-01,88100
36,Philibert,Blanche,2,1966-06-17,88110
37,Meyer,Kewan,1,1953-04-26,88420
38,Piat,Lucienne,2,1993-04-21,88470
39,Mauduit,Renée,2,1993-08-29,88210
40,Le Bars,Faustine,2,1972-03-08,88480
41,Tisserand,Pascale,2,1951-07-29,88210
42,Lecocq,Josephine,2,1992-01-19,88520
43,Delhaye,Maé,1,1948-02-02,88480
44,Ledoux,Jeanne,2,1947-05-06,88420
45,Gueguen,Yvan,1,1963-05-10,88480
46,Deschamps,Bertrand,1,1956-08-21,88490
47,Delattre,Côme,1,1984-04-22,88480
48,Moulin,Arthur,1,1994-04-08,88210
49,Riplais,Hélène,2,1989-03-22,88420
50,Aubert,Arlette,2,1983-09-02,88490
51,Tournier,Clovis,1,1975-06-29,88430
52,Godin,Liliane,2,1987-08-04,88470
53,Delannoy,Annick,2,1970-10-10,88470
54,Jouve,Maude,2,1979-05-28,88430
55,de Montclos,Eliane,2,1963-02-15,88210
56,Carriere,Yannick,1,1991-04-13,88110
57,Segard,Meline,2,1951-12-13,88100
58,André,Zora,2,1954-03-30,88100
59,Monteil,Pascal,1,1978-07-21,88100
60,Motte,Alfred,1,1973-10-29,88420
61,Mahe,Emmanuelle,2,1959-07-12,88100
62,Naudin,Chloé,2,1983-03-06,88650
63,Payen,Rudy,1,1965-05-23,88100
64,Laine,Thierry,1,1945-11-19,88490
65,Beaulieu,Sylvain,1,1964-09-07,88580
66,Brisset,Christelle,2,1974-04-18,88470
67,Goupil,Melvin,1,1962-04-12,88480
68,Varlet,Sandro,1,1956-09-09,88420
69,Bellot,Joan,1,1991-04-03,88580
70,Raoul,Nathéo,1,1989-12-12,88490
71,Lechat,Yaël,1,1966-12-05,88470
72,Babin,Boris,1,1975-05-31,88490
73,Racine,Valèry,1,1985-02-02,88580
74,Dubuc,Hervé,1,1976-11-25,88100
75,Ferrari,Marguerite,2,1974-09-21,88430
76,Vautrin,Malo,1,1983-04-15,88430
77,Riviere,Maxence,1,1979-03-12,88490
78,Roux,Lena,2,1968-05-04,88430
79,Boutin,Carlos,1,1972-05-13,88100
80,Gosselin,Adrien,1,1987-07-14,88470
81,Tison,Didier,1,1947-06-23,88100
82,Puech,Matt,1,1990-04-04,88110
83,Huchet,Linda,2,1981-06-09,88420
84,Mazet,Elouan,1,1977-02-13,88420
85,Lang,Axel,1,1948-08-01,88490
86,Ouvrard,Estéban,1,1980-11-11,88110
87,Tardieu,Charlotte,2,1991-10-12,88110
88,Grimaud,Colette,2,1963-11-18,88100
89,Raimbault,Virginie,2,1957-09-22,88100
90,Luciani,Pierre,1,1961-05-08,88480
91,Huguet,Lino,1,1948-03-16,88100
92,Rillart de Verneuil,Samuel,1,1949-02-17,88110
93,Gosset,Edwige,2,1962-08-04,88520
94,Tran,Agathe,2,1961-10-10,88470
95,Lesueur,Angeline,2,1978-07-23,88420
96,Hoffmann,Elias,1,1954-06-10,88480
97,Menard,Frédéric,1,1970-04-10,88480
98,Terrien,Emrys,1,1988-08-28,88100
99,Grange,Marin,1,1970-08-22,88520
100,Carpentier,Caroline,2,1969-12-12,88100
101,Louis,Rose-Mary,2,1988-12-12,88100
102,Blandin,Noham,1,1976-09-20,88650
103,Piot,Josiane,2,1980-10-25,88100
104,Rigaud,Victorine,2,1988-07-03,88100
105,Vigneron,Thomas,1,1945-10-11,88430
106,Le Roux,Henriette,2,1947-06-26,88480
107,Caillaud,Laurie,2,1959-01-15,88480
108,Loyer,Gilles,1,1948-06-17,88100
109,Michel,Tristan,1,1970-04-19,88100
110,Mora,Achille,1,1969-02-14,88650
111,Jan,Laurine,2,1976-10-22,88520
112,Garrigues,Albert,1,1952-01-04,88430
113,Chaix,Agnès,2,1951-07-01,88110
114,Le Coz,Mathis,1,1964-11-04,88100
115,Portal,Anne-Lise,2,1950-04-05,88480
116,Miquel,Georgette,2,1970-03-01,88490
117,Hoareau,Marie-Claude,2,1983-09-19,88480
118,Fontaine,Anthony,1,1953-03-29,88100
119,Pham,Delphine,2,1952-07-25,88420
120,d'Harcourt,Thaïs,2,1982-11-05,88480
121,Cros,Ghislaine,2,1985-12-12,88430
122,Chollet,Tessa,2,1991-10-27,88480
123,Auger,Timothée,1,1956-09-14,88210
124,Caillet,Gustave,1,1946-05-07,88100
125,Perrault,Frédérique,2,1978-10-04,88490
126,Blaise,Arwen,2,1986-07-30,88210
127,Pouliquen,Pierrette,2,1961-12-20,88210
128,Roca,Malcom,1,1989-05-11,88650
129,Allemand,Nolan,1,1992-06-26,88100
130,Barbier,Joachim,1,1966-01-13,88210
131,Sorin,Olive,1,1951-03-01,88100
132,Roger,Sylvie,2,1984-03-08,88650
133,Bailleul,Loïs,1,1970-08-25,88110
134,Guillemin,Jonas,1,1953-04-28,88110
135,Guery,Alexandra,2,1967-01-06,88210
136,Laffont,Martin,1,1955-11-19,88110
137,Mercier,Yaëlle,2,1990-12-31,88520
138,Franco,Youna,2,1946-03-05,88110
139,Daval,Charline,2,1981-10-30,88490
140,Jullien,Ludivine,2,1991-01-22,88100
141,Caro,Cécile,2,1968-02-22,88100
142,Bonnel,Pimprenelle,2,1992-02-12,88100
143,Bataille,Gwendoline,2,1950-11-11,88430
144,Samson,Gabriel,1,1974-08-18,88100
145,Brunel,Annabelle,2,1987-11-05,88470
146,Douay,Dylan,1,1959-01-07,88100
147,Vannier,Mylan,1,1948-03-13,88490
148,Leveque,Joëlle,2,1946-09-22,88480
149,Bayle,Diego,1,1975-12-01,88650
150,Combe,Ruben,1,1979-02-16,88100
151,Monnier,Marianne,2,1954-09-15,88110
152,Gaudemaris,Vincent,1,1991-10-21,88210
153,Rambaud,Fabrice,1,1985-08-28,88580
154,Lemoine,Lucas,1,1951-08-28,88580
155,Loisel,Claude,1,1969-12-10,88650
156,Moreira,Baptiste,1,1953-04-13,88110
157,Lafitte,Joanna,2,1962-01-29,88650
158,Masson,Augustin,1,1954-12-09,88480
159,Oudin,Gaëlle,2,1947-04-07,88420
160,Guyot,Eloi,1,1992-07-27,88650
161,Blanchard,Ernest,1,1969-06-28,88100
162,de Fontanges,René,1,1969-05-04,88100
163,Seguin,Roseline,2,1958-01-30,88650
164,Barreau,Ophélie,2,1950-01-09,88470
165,Pinto,Roland,1,1946-05-08,88490
166,Aubry,Dany,1,1956-07-03,88650
167,Delage,Loïc,1,1994-04-10,88420
168,Rougier,Yohann,1,1950-11-12,88490
169,Favier,Lola,2,1982-06-06,88100
170,Lemonnier,Charles,1,1967-12-12,88430
171,Michon,Sabrina,2,1985-04-22,88420
172,Guilloux,Olympe,2,1975-01-01,88480
173,Drouet,Aimé,1,1983-08-19,88650
174,Gaillard,Raymond,1,1949-04-10,88430
175,Jarry,Titouan,1,1965-08-14,88420
176,Berton,Patrice,1,1971-11-23,88470
177,Paris,Béatrice,2,1985-05-29,88420
178,Kremer,Pauline,2,1972-12-06,88110
179,Favre,Zita,2,1992-08-20,88470
180,Pinet,Simone,2,1946-06-23,88480
181,Lemarchand,Christel,2,1962-03-06,88110
182,Marty,Ilian,1,1993-08-27,88480
183,Metayer,Lorenzo,1,1959-04-26,88650
184,Fouquet,Anne-Claire,2,1969-08-11,88580
185,Fonteneau,Marjorie,2,1976-03-27,88100
186,Boutet,Zéphir,1,1992-01-21,88480
187,Bonnin,Jérôme,1,1980-12-26,88420
188,Bouvier,Carla,2,1950-03-27,88100
189,Fillon,Alison,2,1962-08-27,88490
190,Billon,April,2,1966-11-14,88210
191,Prudhomme,Alain,1,1954-08-31,88100
192,Bauduin,Andrea,2,1987-05-28,88520
193,Reynaud,Lionel,1,1966-12-13,88100
194,Briggs,Marylyn Ann,1,1980-10-26,88480
195,Moreno,Lilian,1,1988-06-07,88480
196,Jouan,Alexis,1,1963-05-16,88490
197,Prat,Simon,1,1984-07-22,88210
198,Vivier,Ezio,1,1947-08-04,88210
199,Guedon,Arsène,1,1945-06-05,88110
200,Borel,Edmond,1,1950-04-14,88210
201,Guegan,Françoise,2,1987-09-18,88430
202,Bellec,Hugo,1,1953-06-15,88100
203,Massot,Léon,1,1965-01-23,88420
204,Garcia,Valérian,1,1966-01-17,88490
205,Vallee,Harold,1,1970-08-01,88520
206,Bloch,Roger,1,1980-09-18,88650
207,Debray,Martine,2,1991-02-01,88520
208,Pierron,Emile,1,1986-05-14,88210
209,Munoz,Karen,2,1979-07-20,88110
210,Chapuis,Serge,1,1948-09-25,88490
211,Gregoire,Justin,1,1962-12-03,88100
212,Roussel,Albane,2,1970-06-26,88480
213,Delpech,Nadia,2,1953-11-18,88480
214,Braud,William,1,1981-08-05,88100
215,Costes,Jean-Louis,1,1974-09-17,88210
216,Herbin,Marie,1,1952-12-26,88490
217,Taillandier,Ylan,1,1951-12-25,88520
218,Ducrocq,Gilberte,2,1986-04-15,88490
219,Guichard,Estelle,2,1945-09-23,88100
220,Berry,Jean-Christophe,1,1984-10-07,88490
221,Garcin,Kimi,2,1984-06-01,88100
222,Riche,Marc,1,1985-01-01,88480
223,Bourgois,Lenny,1,1946-08-01,88580
224,Le breton,Nadine,2,1986-03-30,88430
225,Fleury,Alice,2,1963-03-19,88420
226,Florent,Marine,2,1950-05-19,88520
227,Flores,Evan,1,1945-02-08,88100
228,Husson,Henri,1,1985-11-08,88490
229,Dupond,Alban,1,1994-11-22,88490
230,Baudet,Alexine,2,1984-10-25,88420
231,Haas,Christophe,1,1954-07-19,88110
232,Provost,Rayan,1,1974-09-02,88520
233,Granger,Victor,1,1959-05-23,88580
234,Gervais,Laure,2,1964-09-17,88580
235,de Bruyères-Chalabre,Eric,1,1987-12-12,88100
236,Fischer,Robin,1,1982-11-20,88110
237,Laroche,Maeva,2,1982-08-03,88520
238,Durieux,Irene,2,1979-07-18,88480
239,Chiron,Janine,2,1985-11-04,88470
240,Dubois,Lubin,1,1991-03-29,88100
241,Leleu,Lisa,2,1985-01-20,88110
242,Forestier,Ethan,1,1973-03-13,88490
243,Rose,Gérald,1,1988-09-03,88110
244,Maisonneuve,Soan,1,1973-10-23,88470
245,Voisin,Lorraine,2,1952-05-03,88490
246,Desprez,Jean-Michel,1,1978-01-08,88110
247,Restaurand,Abel,1,1971-12-02,88210
248,Perret,Maryse,2,1966-03-30,88210
249,Torres,Alexia,2,1978-02-17,88650
250,Dumas,Valériane,2,1972-02-03,88100
251,Rolland,Nino,1,1969-09-08,88210
252,De oliveira,Gauthier,1,1952-05-06,88650
253,Pelletier,Véronique,2,1992-01-17,88580
254,Pepin,Florent,1,1964-05-31,88110
255,Trouve,Soren,1,1957-07-14,88480
256,Weiss,Adam,1,1957-07-02,88100
257,Bruyere,Jolan,1,1982-02-06,88480
258,Le Floch,Thiméo,1,1957-11-03,88100
259,Galembert,Virgile,1,1971-06-19,88110
260,Pinson,Vanessa,2,1969-05-12,88480
261,Tardy,Orianne,2,1966-12-23,88520
262,Girardin,Sylviane,2,1945-09-28,88210
263,Lafond,Noël,1,1975-10-13,88480
264,Amar,Damien,1,1986-03-18,88430
265,Rouyer,Géraldine,2,1989-05-30,88100
266,Janvier,Sandra,2,1967-01-20,88100
267,Santos,Nina,2,1958-03-01,88100
268,Reboul,Cédric,1,1951-07-18,88650
269,Guiraud,Maxime,1,1951-12-23,88100
270,Bachelet,Raphaël,1,1993-11-23,88100
271,Charton,Chantal,2,1947-04-02,88210
272,Couderc,Emilienne,2,1985-04-05,88100
273,Albertini,Max,1,1979-06-08,88580
274,Piquet,Vianney,1,1991-07-31,88580
275,de Bazelaire,Tim,1,1961-04-25,88480
276,Kieffer,Manuel,1,1987-08-01,88100
277,Rousselle,Gérard,1,1948-09-01,88470
278,Huart,Salomé,2,1962-01-19,88210
279,Remy,Karine,2,1955-01-09,88100
280,Verrier,Kenzo,1,1957-02-12,88480
281,Benoist,Laurence,2,1980-08-11,88100
282,Rossi,Jean-Baptiste,1,1956-08-14,88490
283,Bastien,Sonia,2,1958-07-30,88480
284,Robinet,Jordan,1,1966-12-03,88100
285,Angot,Mylène,2,1986-05-02,88420
286,Andrieu,François,1,1982-04-03,88100
287,Chatelain,Thibaut,1,1963-12-03,88100
288,Le Gal,Madeleine,2,1979-03-20,88650
289,Bossard,Samantha,2,1976-10-05,88100
290,Leduc,Théo,1,1959-06-08,88100
291,Teissier,Naël,1,1975-04-08,88430
292,Foucault,Lou,2,1952-09-13,88100
293,Gerardin,Kelly,2,1955-01-26,88470
294,Rochette,Margot,2,1976-09-09,88490
295,Romero,Yann,1,1982-06-22,88100
296,Imbert,Marie-Louise,2,1953-06-02,88490
297,Verger,Marie-Noëlle,2,1976-10-23,88490
298,Lavaud,Marie-Pierre,2,1966-07-22,88100
299,Legros,Célestin,1,1958-05-15,88490
300,Teyssier,Leonie,2,1959-10-31,88580
301,Bodin,Maria,2,1989-08-24,88210
302,Rey,Edith,2,1962-07-23,88580
303,Michaud,Cindy,2,1977-04-28,88110
304,Etienne,Gaspard,1,1968-01-24,88210
305,Cotte,Roman,1,1986-05-14,88100
306,Serra,Jacques,1,1948-09-05,88100
307,Herve,Florence,2,1979-09-25,88470
308,Beal,Charlène,2,1966-05-08,88470
309,Bigot,Danielle,2,1965-07-31,88100
310,Hennequin,Olivia,2,1983-09-29,88420
311,Dorion,Micheline,2,1955-12-31,88100
312,Marechal,Mathilde,2,1964-07-15,88210
313,Philippot,Jean-Paul,1,1973-11-13,88100
314,Zimmermann,Catherine,2,1950-12-30,88100
315,Riou,Théophile,1,1991-09-28,88100
316,Vidal,Matéo,1,1955-02-22,88470
317,Coste,Harry,1,1977-05-01,88430
318,Luce,Bernard,1,1968-01-13,88210
319,Lahaye,Jean-Luc,1,1981-10-25,88470
320,Verdier,Jacqueline,2,1992-10-25,88470
321,Lacoste,Céleste,2,1979-04-28,88110
322,Barrau,Ange,1,1956-12-23,88100
323,Le bras,Nathan,1,1945-04-18,88100
324,Ben,Yvette,2,1982-11-10,88420
325,Keller,Milo,1,1983-10-26,88650
326,Munier,Claire,2,1981-03-05,88110
327,Clavier,Victoria,2,1956-07-27,88100
328,Lacroix,Fernande,2,1974-07-16,88650
329,Louvet,Julien,1,1993-08-07,88480
330,Chaput,Jean-Philippe,1,1991-10-22,88420
331,Mounier,Clément,1,1990-11-25,88580
332,Peyre,Liam,1,1987-10-10,88100
333,Le Borgne,Germaine,2,1981-09-01,88480
334,Bonneau,Dorian,1,1975-01-25,88480
335,Cuny,Clara,2,1966-04-06,88100
336,Marc,Téo,1,1948-05-28,88100
337,Leprince,Josette,2,1987-06-21,88100
338,Rio,Gilbert,1,1955-07-05,88100
339,Dion,Nicole,2,1959-07-15,88100
340,Frey,Felix,1,1954-04-20,88100
341,James,Tabitha,2,1953-12-29,88470
342,Lassalle,Ginette,2,1986-04-11,88110
343,Grandjean,Nadege,2,1988-02-16,88490
344,Jaouen,Cloé,2,1959-11-02,88480
345,Fevre,Bénédicte,2,1965-11-08,88490
346,Dutertre,Elie,1,1946-06-06,88100
347,Chene,Richard,1,1977-05-22,88430
348,Briere,Jules,1,1945-06-07,88100
349,de Chansiergues,Urbain,1,1968-06-10,88420
350,Pigeon,Milan,1,1952-02-02,88100
351,Tissier,Edouard,1,1981-10-01,88110
352,Le gall,Marius,1,1958-05-18,88100
353,Coulon,Basile,1,1971-11-03,88210
354,Landry,Johanna,2,1983-11-27,88470
355,Cornet,Hector,1,1954-06-30,88470
356,Dubus,Luc,1,1961-04-26,88100
357,Pinot,Farah,2,1948-01-02,88480
358,Boyer,Léa,2,1976-11-21,88100
359,Arnoux,Robert,1,1962-12-21,88100
360,Diaz,Ursula,2,1949-08-05,88580
361,Becker,Corinne,2,1978-06-06,88470
362,Mayer,Albin,1,1992-08-22,88470
363,Wolff,Ryan,1,1969-10-10,88210
364,Gautier,Sandrine,2,1973-06-13,88650
365,Bourgoin,Logan,1,1989-03-26,88650
366,Dupond,Cerise,2,1990-02-04,88480
367,Dussart,David,1,1963-01-26,88650
368,Bazin,Hubert,1,1984-04-04,88430
369,Merle,Maud,2,1952-11-05,88100
370,Lerond,Bernadette,2,1959-07-31,88490
371,Beck,Abigail,2,1950-04-17,88110
372,Godard,Angèle,2,1978-03-28,88480
373,Payet,Huguette,2,1961-02-24,88470
374,Bel,Noa,1,1979-08-31,88100
375,Guyard,Fabien,1,1985-05-15,88580
376,Poncet,Alicia,2,1983-02-11,88580
377,Chretien,Peggy,2,1981-11-27,88470
378,Neveu,Paolo,1,1993-02-27,88100
379,Schneider,Gisèle,2,1954-10-06,88110
380,Doucet,Fanny,2,1979-06-17,88490
381,Ricci,Alix,1,1992-05-15,88210
382,Charlot,Emeline,2,1986-08-28,88650
383,Pons,Inès,2,1945-12-11,88100
384,Gallo,Thibaud,1,1993-07-04,88110
385,Lebas,Louise,2,1951-12-24,88520
386,Lavergne,Adeline,2,1971-10-14,88100
387,Duprat,Urielle,2,1974-11-03,88470
388,Hue,Emilie,2,1955-06-25,88650
389,Ollier,Loan,1,1993-07-15,88470
390,Langlet,Julian,1,1971-12-19,88480
391,Amiot,Thibault,1,1990-07-18,88210
392,Stephan,Eloan,1,1994-09-21,88490
393,Castel,Eugene,1,1956-03-22,88110
394,Lesage,Zoé,2,1955-11-24,88430
395,Murat,Bruno,1,1984-05-06,88470
396,Leon,Antonin,1,1980-08-29,88420
397,Simonnet,Angélique,2,1959-04-01,88650
398,Chateau,Anatole,1,1983-03-29,88470
399,Duquesne,Valentine,2,1945-03-16,88520
400,Mallet,Charlie,1,1983-11-20,88480
401,Dupouy,Romane,2,1974-03-03,88520
402,Le moal,Louison,1,1946-09-23,88110
403,Molinier,Isabelle,2,1974-08-27,88480
404,Cordonnier,Anne-Laure,2,1993-08-07,88430
405,Thiriet,Joris,1,1981-09-17,88650
406,Paquet,Solene,2,1982-05-27,88580
407,Berthelot,Enola,2,1962-06-27,88470
408,Jourdain,Anissa,2,1960-03-20,88650
409,Fraisse,Stanislas,1,1980-08-14,88210
410,Bonnot,Odette,2,1986-04-03,88100
411,Dupuy,Jacky,1,1965-10-02,88650
412,Servant,Melanie,2,1967-10-12,88100
413,Brochet,Arnaud,1,1963-09-20,88480
414,Vallet,Noëlle,2,1971-07-17,88420
415,Prost,Aubin,1,1954-06-17,88420
416,Navarro,Ludwig,1,1980-10-19,88420
417,Chevrier,Natacha,2,1988-04-16,88100
418,Marion,Mickey,1,1959-06-20,88100
419,Gutierrez,Yvaine,2,1953-06-10,88490
420,Gallais,Tatiana,2,1992-10-12,88430
421,Joyeux,Emine,2,1952-08-13,88210
422,Remond,Matteo,1,1952-12-09,88100
423,Nedelec,Matthieu,1,1981-02-13,88420
424,Even,Mathieu,1,1967-03-16,88430
425,Delalande,Guillaume,1,1991-01-25,88210
426,Caron,Anne,2,1967-01-14,88100
427,Favreau,Noan,1,1994-06-20,88100
428,Carre,Norbert,1,1945-08-17,88100
429,Blondel,Marie,2,1957-05-20,88650
430,Lebel,Brice,1,1970-01-18,88100
431,Corre,Viviane,2,1960-10-04,88490
432,Simonet,Cassandra,2,1978-01-01,88100
433,Chabot,Perrine,2,1955-05-22,88110
434,Parisot,Orane,2,1972-05-28,88650
435,Binet,Ronan,1,1949-03-27,88100
436,Maillard,Benjamin,1,1984-10-15,88480
437,Baude,Cyprien,1,1953-06-28,88420
438,Henry,Lydie,2,1967-01-08,88100
439,Lamy,Deborah,2,1976-01-12,88110
440,Demange,Dimitri,1,1987-08-03,88100
441,Cousin,Bastien,1,1993-01-10,88480
442,Feron,Aude,2,1957-02-06,88480
443,Charbonnier,Sophie,2,1980-11-14,88210
444,Thiery,Amandine,2,1975-06-01,88650
445,Pelle,Romain,1,1978-02-12,88430
446,Pennino,Adrienne,2,1947-07-09,88480
447,Guibert,Laetitia,2,1952-11-22,88100
448,Lallemand,Jeanine,2,1958-07-26,88100
449,Calvet,Tony,1,1957-05-10,88100
450,de Chavagny,Alexandre,1,1990-04-02,88470
451,Schaeffer,Annie,2,1947-07-29,88110
452,Thiebaut,Alphonse,1,1956-11-17,88490
453,Blanc,Floriane,2,1965-12-24,88430
454,Moreau,Isaac,1,1980-05-30,88650
455,Parent,Nicolas,1,1990-04-29,88520
456,Billard,Maximilien,1,1970-02-06,88100
457,Pollet,Genevieve,2,1947-05-19,88580
458,Constant,Zaccharie,1,1945-03-09,88420
459,Leloup,Nathalie,2,1945-07-22,88110
460,Valentin,Christine,2,1966-01-31,88480
461,Brossard,Francine,2,1956-12-11,88210
462,Vignal,Carole,2,1964-09-05,88580
463,Poirot,Gaël,1,1957-12-16,88650
464,Madec,Anne-Marie,2,1956-11-21,88520
465,Maillot,Marceau,1,1959-10-24,88100
466,Hubert,Fernand,1,1969-07-20,88110
467,Denis,Jeannine,2,1972-08-12,88100
468,Gibert,Yolande,2,1974-10-06,88100
469,Leonard,Florian,1,1959-08-09,88100
470,Pujol,Benoit,1,1970-03-01,88490
471,Quentin,Barbara,2,1970-06-06,88490
472,Mendes,Clementine,2,1950-10-15,88100
473,Pernot,Paulette,2,1994-03-15,88430
474,Simonin,Rémi,1,1984-02-06,88100
475,Bouquet,Luis,1,1990-04-02,88100
476,Ramos,Grégory,1,1979-08-04,88110
477,Bonin,Sarah,2,1973-04-10,88100
478,Beguin,Christiane,2,1983-02-07,88100
479,Quere,Gaëtan,1,1994-09-25,88210
480,Besse,Manon,2,1992-07-09,88650
481,Labrousse,Daniele,2,1946-04-18,88480
482,Andres,Pablo,1,1957-05-26,88480
483,Baud,Léo,1,1959-05-19,88490
484,Perez,Tom,1,1988-09-03,88110
485,Demaret,Rachel,2,1994-11-29,88420
486,Albert,Sélène,2,1977-03-31,88420
487,Cornu,Gabin,1,1955-06-06,88490
488,Besnier,Marina,2,1983-07-08,88420
489,Claudel,Vadim,1,1958-02-28,88650
490,Esnault,Andrée,2,1977-07-14,88420
491,Brun,Raoul,1,1983-01-07,88430
492,Jaffre,Eliot,1,1986-09-06,88210
493,Janin,Marlene,2,1973-02-18,88480
494,Bonnaud,Victoire,2,1988-09-20,88520
495,Chabert,Katia,2,1946-02-08,88100
496,De sousa,Séverine,2,1983-09-13,88430
497,Berger,Marie-Thérèse,2,1989-03-08,88490
498,Besson,Jennifer,2,1952-01-08,88650
499,Grenier,Justine,2,1976-01-11,88480
500,Huet,Anna,2,1963-11-28,88580
501,Pruvot,Néo,1,1950-08-08,88650
502,Sanchez,Joseph,1,1985-12-03,88100
503,Perron,Emmanuel,1,1992-10-06,88110
504,Soulier,Dounia,2,1967-03-09,88110
505,Guitton,Emma,2,1960-01-24,88490
506,Bouton,Teddy,1,1974-12-18,88100
507,Ferrer,Celia,2,1950-03-24,88420
508,Soares,Thérèse,2,1981-03-04,88490
509,Boulay,Maelle,2,1972-05-29,88650
510,Thevenin,Gabrielle,2,1989-11-08,88100
511,Gonzales,Suzanne,2,1980-05-11,88100
512,Jeannin,Mickaël,1,1964-12-30,88580
513,Vignon,Jean-Claude,1,1951-03-27,88100
514,Bourdin,Jocelyne,2,1990-03-21,88210
515,Maurel,Étienne,1,1986-11-02,88100
516,Courtin,Berthe,2,1947-09-30,88100
517,Sicard,Armand,1,1969-10-12,88490
518,Froger,Zabou,2,1956-06-13,88110
519,Blondeau,Michael,1,1987-09-01,88520
520,Carton,Myriam,2,1956-05-30,88100
521,Fevrier,Anne-Sophize,2,1992-04-06,88520
522,Vuillemin,Jérémie,1,1967-09-15,88470
523,Blot,Eva,2,1963-08-18,88100
524,Guerin,Océane,2,1986-02-28,88490
525,Blanchet,Kim,2,1972-06-19,88100
526,Lebon,Jean,1,1978-06-17,88100
527,Gaston de Pollier,Dominique,2,1993-03-02,88430
528,Duez,Oscar,1,1967-02-01,88420
529,Mollet,Jérémy,1,1988-07-18,88430
530,Richet,Yanis,1,1956-05-06,88110
531,Pastor,Mélodie,2,1993-01-08,88480
532,Jimenez,Martial,1,1979-06-05,88470
533,Duprez,Claudine,2,1952-05-16,88100
534,Bouvard,Jean-Pierre,1,1990-07-09,88480
535,Nogues,Kilian,1,1945-03-21,88470
536,Godet,Xavière,2,1978-05-25,88490
537,Monfort,Félix,1,1960-08-08,88110
538,Auge,Rose,2,1981-05-23,88650
539,Charron,Kenna,2,1985-02-25,88580
540,Guillemot,Joël,1,1992-12-07,88100
541,Bourges,Elio,1,1992-09-06,88470
542,Weber,Paulin,1,1994-10-29,88210
543,Nguyen,Armelle,2,1976-06-23,88100
544,Demay,Rémy,1,1950-03-07,88100
545,Lemercier,Léonard,1,1958-01-22,88110
546,Duclos,Tyméo,1,1989-12-30,88650
547,Maire,Monique,2,1990-11-21,88430
548,Pinon,Lydia,2,1989-05-04,88100
549,Andrieux,Margaux,2,1953-07-21,88520
550,Guy,Aline,2,1985-09-12,88100
551,Cremoux,Paul,1,1991-09-10,88100
552,Genet,Melody,2,1965-10-22,88100
553,Roques,Philippine,2,1959-09-06,88650
554,Bousquet,Corentin,1,1992-04-15,88490
555,Schweitzer,Lucien,1,1977-02-18,88470
556,Bianchi,Killian,1,1985-07-12,88210
557,Rousseau,Francis,1,1970-10-30,88100
558,Levasseur,Kélian,1,1989-07-22,88100
559,Mauger,Amaury,1,1953-03-31,88420
560,Dulac,Jessy,1,1972-08-27,88100
561,Durand,Auguste,1,1947-04-12,88470
562,Cellier,José,1,1967-04-11,88490
563,Delmas,Tanguy,1,1985-11-24,88470
564,Leray,Mathias,1,1954-08-12,88470
565,Leroux,Murielle,2,1984-10-05,88580
566,Bontemps,Marielle,2,1955-01-30,88100
567,Bordes,Simonne,2,1958-01-24,88520
568,Froment,Morgan,1,1949-07-22,88110
569,Bauer,Eugenie,2,1950-12-25,88650
570,Plessis,Octave,1,1978-11-15,88650
571,Leriche,Guy,1,1973-12-28,88490
572,Fraysse,Malika,2,1961-10-07,88650
573,Lehmann,Marcelle,2,1978-12-21,88100
574,Levy,Odilon,1,1985-06-30,88100
575,Fosse,Julie,2,1992-01-08,88210
576,Gabriel,Elisabeth,2,1993-12-04,88490
577,Soulard,Wendy,2,1966-09-18,88430
578,Cormier,Valentin,1,1991-04-30,88470
579,Millet,Mélissa,2,1959-06-02,88520
580,Dumont,Irwin,1,1957-05-05,88490
581,Jacquet,César,1,1974-01-14,88430
582,Schmidt,Lauriane,2,1954-06-24,88650
583,Bouvet,Elsa,2,1960-02-21,88520
584,Delorme,Prune,2,1981-02-08,88110
585,Meunier,Tilio,1,1970-09-12,88100
586,Guillard,Rose-Lynn,2,1991-01-23,88470
587,Bouchard,Barnabé,1,1967-09-24,88100
588,Faure,Johann,1,1950-06-12,88100
589,Begue,Lenzo,1,1976-08-09,88210
590,Barbe,Clemence,2,1977-03-01,88470
591,Bru,Michelle,2,1968-07-11,88110
592,Lescure,Maryline,2,1950-02-26,88210
593,Bastide,Jean-Yves,1,1963-12-21,88100
594,Geslin,Leslie,2,1963-01-02,88580
595,Boudet,Solange,2,1986-05-19,88420
596,Durant,Léopold,1,1989-08-26,88210
597,Duret,Enzo,1,1952-06-15,88430
598,Pages,Lucile,2,1986-03-19,88480
599,Copin,Noémie,2,1975-05-01,88520
600,Galland,Sylvette,2,1976-11-16,88650
601,Jegou,Louis,1,1945-12-09,88100
602,Jolivet,Jean-Luc,1,1961-11-23,88100
603,Perin,Antoine,1,1979-06-05,88210
604,Truong,Blandine,2,1968-09-15,88420
605,Leroy,Régis,1,1963-09-13,88100
606,Chemin,Lucette,2,1984-09-21,88580
607,Frotier,Zéno,1,1967-03-04,88650
608,Perrier,Anaïs,2,1957-10-31,88470
609,Mouton,Laura,2,1949-02-07,88100
610,Garin,Denis,1,1977-03-06,88480
611,Marin,Flora,2,1953-09-02,88470
612,Goujon,Nelly,2,1963-02-03,88650
613,Fort,Mauricette,2,1983-05-07,88490
614,Duchesne,Muriel,2,1948-03-21,88580
615,Digaultray,Noé,1,1958-01-27,88480
616,Colson,Tao,1,1964-11-09,88100
617,Teixeira,Odile,2,1971-08-25,88650
618,Costa,Stéphanie,2,1958-04-22,88100
619,Duval,Stan,1,1954-05-09,88100
620,Cheron,Carine,2,1948-09-21,88470
621,Dujardin,Franck,1,1968-08-02,88100
622,Pichon,Duncan,1,1974-10-07,88100
623,Lefeuvre,Élodie,2,1982-08-26,88100
624,Toutain,Fabienne,2,1967-07-03,88100
625,Savary,Grégoire,1,1994-12-04,88100
626,Derrien,Yvonne,2,1980-12-15,88100
627,Chaillou,André,1,1980-05-09,88100
628,Lemaitre,Hélène,2,1978-09-20,88100
629,Vernet,Mireille,2,1991-10-15,88110
630,Dubos,Olivier,1,1983-01-02,88110
631,Couvreur,Yvon,1,1951-03-23,88210
632,Girard,Ingrid,2,1962-03-28,88470
633,Lopez,Flavien,1,1967-08-02,88100
634,Giroux,Céline,2,1951-10-31,88100
635,Thirion,Aurélien,1,1963-05-07,88100
636,Astier,Ulysse,1,1957-01-07,88490
637,Page,Jean-Jacques,1,1990-09-30,88470
638,Pillot,Michel,1,1971-04-11,88420
639,Felix,Dominique,1,1978-05-18,88490
640,Henon,Camille,2,1991-02-03,88650
641,Pichard,Willy,1,1946-10-05,88490
642,Lelievre,Marie-Christine,2,1946-09-06,88490
643,Moisan,Romuald,1,1991-04-08,88430
644,Salle,Jean-Marc,1,1988-06-26,88420
645,Valette,Yamen,1,1946-08-22,88210
646,Foret,Jean-François,1,1953-06-28,88100
647,Crespin,Raymonde,2,1973-09-15,88110
648,Salomon,Marie-France,2,1991-01-31,88470
649,Humbert,Marion,2,1971-09-11,88650
650,Lecoq,Nathaël,1,1967-10-14,88100
651,Lefevre,Pierrick,1,1946-06-07,88650
652,Maes,Ugo,1,1948-11-06,88420
653,Cordier,Coralie,2,1966-11-10,88430
654,Marie,Joshua,1,1971-01-14,88480
655,Cano,Matisse,1,1971-11-07,88470
656,Quintin,Audrey,2,1957-03-11,88100
657,Hamelin,Evangeline,2,1974-05-06,88470
658,Gomez,Clarisse,2,1992-10-22,88480
659,Lecourt,Elisa,2,1964-11-25,88100
660,Gil,Aymeric,1,1962-08-12,88210
661,Thevenet,Claude,,1988-12-27,88480
662,Metais,Sébastien,1,1972-08-17,88490
663,Vigouroux,Quentin,1,1983-08-01,88430
664,Herault,Emilien,1,1956-09-10,88650
665,Foulon,Maurice,1,1976-11-03,88110
666,Baudoin,Régine,2,1945-12-10,88210
667,Bourbon,Sacha,1,1954-06-28,88100
668,Pichot,Elise,2,1962-12-20,88430
669,Pelissier,Célian,1,1971-08-28,88420
670,Beauvais,Tiffany,2,1975-06-09,88210
671,Abot de Bourgneuf,Magalie,2,1971-04-08,88100
672,Lacour,Ludovic,1,1958-07-23,88430
673,Capelle,Xavier,1,1957-09-02,88100
674,Grand,Jessica,2,1973-05-25,88110
675,Cohen,Morgane,2,1971-12-18,88210
676,Burel,Stéphane,1,1976-07-04,88100
677,Fauvel,Jasper,1,1949-11-08,88470
678,Gras,Vanina,2,1951-09-13,88650
679,Colle,Georges,1,1990-08-10,88490
680,Alves,Yves,1,1961-10-09,88580
681,Delplanque,Tara,2,1982-04-12,88100
682,Bardin,Evelyne,2,1987-06-30,88100
683,Lombard,Nathanaël,1,1962-12-29,88470
684,Lapeyre,Aurélie,2,1969-07-28,88650
685,de Verjus,Edgar,1,1983-03-10,88110
686,Bon,Lucie,2,1977-04-14,88490
687,Dubreuil,Erwan,1,1970-08-12,88110
688,Le goff,Ian,1,1971-10-25,88100
689,Pernet,Michele,2,1975-04-27,88420
690,Barthelemy,Sabine,2,1989-03-28,88520
691,Genty,Marilyne,2,1954-05-19,88100
692,Charlet,Rebecca,2,1988-06-24,88100
693,Jacquemin,Rodolphe,1,1989-01-17,88100
694,Hardouin,Cyril,1,1960-06-05,88470
695,Tellier,Kévin,1,1966-06-23,88650
696,Viard,Coline,2,1951-04-29,88650
697,Allain,Valérie,2,1961-07-10,88480
698,Bouet,Christian,1,1947-09-02,88650
699,Saillard,Théodore,1,1987-11-14,88520
700,Villard,Léandre,1,1948-10-07,88420
701,Jung,Patrick,1,1985-05-31,88480
702,Rollet,Jonathan,1,1958-10-31,88470
703,Mery,Brigitte,2,1969-07-24,88100
704,Viguier,Yoann,1,1960-04-18,88430
705,Jacquin,Timeo,1,1956-08-12,88210
706,Cloarec,Valère,1,1979-11-16,88430
707,Brousse,Denise,2,1973-12-16,88100
708,Lesieur,Aurore,2,1948-03-27,88520
709,Lecoeur,Patricia,2,1969-12-09,88520
710,Bour,Laurent,1,1960-07-31,88580
711,Tavernier,Gaston,1,1975-10-25,88100
712,Le roy,Jade,2,1978-07-14,88520
713,Schwartz,Aurelia,2,1952-01-31,88110
714,Adam,Amélie,2,1970-07-16,88110
715,Lamour,Marcel,1,1957-05-04,88100
716,Guillaume,Juliette,2,1953-11-14,88100
717,Le bail,Augustine,2,1962-01-17,88100
718,Rouxel,Antoinette,2,1968-12-09,88480
719,George,Maël,1,1973-08-14,88100
720,Bellet,Tania,2,1950-09-11,88100
721,Grosjean,Daniel,1,1993-01-19,88480
722,Magnier,Magali,2,1951-04-29,88110
723,Gentil,Guilhem,1,1973-06-20,88490
724,Henri,Philippe,1,1983-09-17,88420
725,Laville,Roméo,1,1990-04-23,88210
726,Basset,Loris,1,1974-08-19,88490
727,Correia,Lorrain,1,1964-06-18,88100
728,Pierson,Malone,1,1993-06-25,88100
729,Sellier,Blanche,2,1978-07-23,88490
730,Briand,Kewan,1,1959-12-16,88490
731,Rocher,Lucienne,2,1953-10-30,88490
732,Giraud,Renée,2,1950-10-23,88490
733,Dubost,Faustine,2,1979-05-07,88100
734,Dupas,Pascale,2,1948-01-12,88480
735,Clerc,Josephine,2,1950-03-08,88650
736,Malherbe,Maé,1,1972-03-22,88420
737,Lasserre,Jeanne,2,1960-11-14,88490
738,Ruiz,Yvan,1,1953-01-01,88480
739,Geoffroy,Bertrand,1,1988-11-12,88100
740,Prevost,Côme,1,1967-09-26,88490
741,Delarue,Arthur,1,1963-11-11,88490
742,Brochard,Marthe,2,1987-02-05,88210
743,Pruvost,Arlette,2,1960-01-27,88480
744,Picard,Clovis,1,1973-07-09,88100
745,Baillet,Liliane,2,1979-07-23,88100
746,Calvez,Annick,2,1948-10-17,88210
747,Crouzet,Maude,2,1953-12-04,88420
748,Pottier,Eliane,2,1957-04-19,88490
749,Soulie,Yannick,1,1960-09-09,88100
750,Billet,Meline,2,1983-01-29,88210
751,Magne,Zora,2,1986-10-25,88100
752,Doyen,Pascal,1,1950-06-06,88480
753,Langlois,Alfred,1,1968-08-23,88100
754,Renard,Emmanuelle,2,1948-03-31,88420
755,Romain,Chloé,2,1956-01-14,88100
756,Busson,Rudy,1,1970-05-19,88490
757,Claverie,Thierry,1,1988-03-22,88520
758,Cardon,Sylvain,1,1985-12-11,88100
759,Dore,Christelle,2,1985-10-09,88100
760,Defrance,Melvin,1,1993-08-07,88430
761,Walter,Sandro,1,1993-11-23,88480
762,Lannoy,Joan,1,1980-09-20,88100
763,Pellerin,Nathéo,1,1976-12-25,88490
764,Bisson,Yaël,1,1987-02-03,88100
765,Metivier,Boris,1,1990-06-25,88210
766,Loiseau,Valèry,1,1979-08-21,88100
767,Latour,Hervé,1,1968-01-17,88520
768,Chabaud,Marguerite,2,1952-06-25,88490
769,Bureau,Malo,1,1989-11-15,88470
770,Tissot,Maxence,1,1947-09-25,88490
771,Bergeron,Lena,2,1965-03-16,88110
772,Couturier,Carlos,1,1947-09-20,88580
773,Dahan,Adrien,1,1986-10-04,88100
774,Millot,Didier,1,1991-03-04,88110
775,Marques,Matt,1,1952-11-10,88100
776,Girod,Linda,2,1980-08-12,88520
777,Letellier,Elouan,1,1962-04-09,88470
778,Le meur,Axel,1,1978-06-07,88100
779,Potier,Estéban,1,1985-01-15,88210
780,Loison,Charlotte,2,1964-06-27,88490
781,Boulard,Colette,2,1978-10-18,88110
782,Godart,Virginie,2,1980-04-11,88110
783,Guillon,Pierre,1,1983-07-26,88430
784,Nowak,Lino,1,1980-08-05,88480
785,Da costa,Samuel,1,1989-08-06,88520
786,Lagarde,Edwige,2,1993-05-25,88520
787,Thouvenin,Agathe,2,1972-03-25,88100
788,Hautmonté,Angeline,2,1965-07-06,88210
789,Brault,Elias,1,1988-05-29,88100
790,Belin,Frédéric,1,1963-03-18,88110
791,Bob,Emrys,1,1975-05-29,88210
792,Abadie,Marin,1,1967-05-13,88210
793,Rouault,Caroline,2,1979-10-22,88490
794,Charlier,Marie-Rose,2,1979-07-13,88580
795,Gobert,Noham,1,1970-05-26,88100
796,Villeneuve,Josiane,2,1949-08-07,88490
797,Devos,Victorine,2,1965-10-23,88100
798,Poisson,Thomas,1,1993-01-12,88420
799,Floch,Henriette,2,1982-12-28,88490
800,Barriere,Laurie,2,1958-10-15,88430
801,d'Estouteville,Gilles,1,1948-09-25,88100
802,Beaufils,Tristan,1,1982-11-23,88470
803,Paoli,Achille,1,1950-06-23,88520
804,Lefort,Laurine,2,1965-10-18,88430
805,Allaire,Albert,1,1950-02-15,88480
806,Gicquel,Agnès,2,1961-04-09,88210
807,Boulet,Mathis,1,1985-09-07,88520
808,Lhomme,Anne-Lise,2,1980-10-21,88490
809,Renault,Georgette,2,1951-07-29,88420
810,Hardy,Marie-Claude,2,1953-03-04,88650
811,Richer,Anthony,1,1969-04-23,88430
812,Marot,Delphine,2,1955-06-17,88490
813,Deshayes,Thaïs,2,1961-12-05,88100
814,Forest,Ghislaine,2,1989-05-02,88100
815,Martel,Tessa,2,1976-08-30,88110
816,Laborde,Timothée,1,1949-03-13,88110
817,Leclerc,Gustave,1,1980-03-27,88470
818,Roy,Frédérique,2,1990-04-30,88580
819,Pere,Arwen,2,1949-08-25,88100
820,Mathis,Pierrette,2,1989-02-26,88110
821,Joubert,Malcom,1,1985-07-14,88420
822,Larue,Nolan,1,1980-05-23,88480
823,Gaudin,Joachim,1,1962-06-24,88480
824,Boulanger,Olive,1,1976-05-23,88520
825,Rodier,Sylvie,2,1980-10-23,88420
826,Portier,Loïs,1,1973-07-01,88100
827,Baron,Jonas,1,1983-04-09,88480
828,Billaud,Alexandra,2,1969-09-25,88210
829,Gillot,Martin,1,1985-12-19,88470
830,Hamon,Yaëlle,2,1946-09-10,88480
831,Alonso,Youna,2,1983-07-15,88490
832,Leger,Charline,2,1981-03-02,88100
833,Laurent,Ludivine,2,1962-08-15,88520
834,Lamotte,Cécile,2,1948-04-07,88580
835,Gandon,Pimprenelle,2,1976-11-08,88110
836,Bonhomme,Gwendoline,2,1991-06-16,88100
837,Ribot,Gabriel,1,1993-05-03,88650
838,Coëtivi,Annabelle,2,1990-07-18,88490
839,Perrin,Dylan,1,1979-11-01,88490
840,Coutant,Mylan,1,1955-03-18,88100
841,Nicolle,Joelle,2,1965-11-26,88110
842,Dauphin,Diego,1,1945-08-31,88520
843,Klein,Ruben,1,1988-07-03,88490
844,Dupont,Marianne,2,1954-08-05,88490
845,Marquis,Vincent,1,1965-08-21,88490
846,Vasseur,Fabrice,1,1948-07-10,88490
847,Leblanc,Lucas,1,1961-06-09,88490
848,Diallo,Claude,1,1970-01-05,88100
849,Villette,Baptiste,1,1947-09-13,88100
850,Chopin,Joanna,2,1951-11-08,88100
851,Dupont,Augustin,1,1966-11-09,88650
852,Ribeiro,Gaëlle,2,1946-11-22,88100
853,Bellanger,Eloi,1,1964-02-09,88420
854,Lafon,Ernest,1,1960-01-28,88100
855,Vacher,René,1,1955-01-08,88650
856,Martinet,Roseline,2,1984-05-15,88470
857,de Beauffremont,Ophélie,2,1964-03-01,88100
858,Hebert,Roland,1,1987-09-14,88420
859,Lenglet,Dany,1,1962-02-04,88100
860,Clement,Loïc,1,1991-02-11,88100
861,Ferry,Yohann,1,1958-12-27,88100
862,Brule,Lola,2,1970-01-07,88580
863,Magnin,Charles,1,1951-05-08,88430
864,Royer,Sabrina,2,1990-06-24,88470
865,Cariou,Olympe,2,1959-01-12,88480
866,Lefranc,Aimé,1,1948-03-24,88100
867,Bonnard,Raymond,1,1958-11-13,88490
868,Mathe,Titouan,1,1966-11-15,88490
869,Gross,Patrice,1,1977-07-14,88490
870,Merlin,Béatrice,2,1987-04-16,88470
871,Lambert,Pauline,2,1971-07-28,88100
872,Delahaye,Zita,2,1946-04-06,88580
873,Lefebvre,Simone,2,1971-05-23,88520
874,Jolly,Christel,2,1978-01-18,88210
875,Audibert,Ilian,1,1992-07-20,88100
876,Mignot,Lorenzo,1,1977-08-12,88100
877,Forget,Anne-Claire,2,1984-07-09,88100
878,Segura,Marjorie,2,1987-01-06,88430
879,Adam de Bosc-Fontain,Zéphir,1,1966-01-21,88490
880,Coudert,Jérôme,1,1945-11-03,88110
881,Bach,Carla,2,1978-10-07,88490
882,Agostini,Alison,2,1977-02-16,88100
883,Salmon,April,2,1947-12-29,88650
884,Salaun,Alain,1,1984-10-13,88100
885,Labat,Andrea,2,1981-12-20,88490
886,Fritsch,Lionel,1,1970-11-17,88490
887,Ledru,Camille,1,1950-02-14,88100
888,Lefrancois,Lilian,1,1949-11-04,88470
889,Müller,Alexis,1,1984-03-28,88110
890,Veron,Simon,1,1949-04-09,88480
891,du Bessey,Ezio,1,1992-12-26,88210
892,Larcher,Arsène,1,1989-02-02,88520
893,Vogel,Edmond,1,1990-11-25,88430
894,Hemery,Françoise,2,1948-11-18,88110
895,Thery,Hugo,1,1965-11-23,88480
896,Gonçalves,Léon,1,1985-03-09,88100
897,Bailly,Valérian,1,1952-09-15,88430
898,Texier,Harold,1,1955-01-27,88420
899,Le Gac,Roger,1,1951-12-26,88100
900,Martineau,Martine,2,1965-05-16,88100
901,Descamps,Emile,1,1962-08-23,88100
902,Guignard,Karen,2,1960-01-05,88100
903,Ferrand,Serge,1,1983-12-17,88490
904,Buisson,Justin,1,1994-02-08,88110
905,Senechal,Albane,2,1970-06-04,88480
906,Dejean,Nadia,2,1957-05-09,88100
907,Collin,William,1,1986-05-07,88100
908,Pommier,Jean-Louis,1,1991-08-22,88100
909,Martinez,Marie,1,1956-12-22,88420
910,Barthe,Ylan,1,1947-04-06,88470
911,Roman,Gilberte,2,1987-08-29,88100
912,Guillot,Estelle,2,1982-12-20,88480
913,Lepine,Jean-Christophe,1,1984-02-12,88480
914,Kuzma,Nora Louise,2,1990-11-11,88100
915,Allard,Marc,1,1980-06-20,88490
916,Patin,Lenny,1,1984-06-03,88100
917,Sauvage,Nadine,2,1972-12-25,88110
918,Martin,Alice,2,1987-02-13,88470
919,Porte,Marine,2,1954-04-01,88470
920,Chartier,Evan,1,1972-03-17,88480
921,Chaumont,Henri,1,1962-01-02,88100
922,Turpin,Alban,1,1990-08-18,88480
923,Causse,Alexine,2,1957-11-03,88480
924,Haddad,Christophe,1,1969-03-12,88100
925,Rousseaux,Rayan,1,1993-12-16,88480
926,Monnet,Victor,1,1980-02-13,88100
927,Duhamel,Laure,2,1968-12-27,88470
928,Laporte,Eric,1,1962-03-04,88490
929,Silvestre,Robin,1,1971-01-20,88580
930,Bidault,Maeva,2,1975-09-29,88420
931,Dufour,Irene,2,1946-03-13,88480
932,Pain,Janine,2,1964-09-03,88470
933,Grondin,Lubin,1,1948-02-26,88490
934,Cartier,Lisa,2,1948-01-15,88100
935,Labbe,Ethan,1,1953-11-24,88650
936,Genin,Gérald,1,1965-07-04,88100
937,Colas,Soan,1,1983-06-15,88100
938,Jacob,Lorraine,2,1985-02-16,88100
939,Peron,Jean-Michel,1,1988-02-19,88110
940,Lebrun,Abel,1,1970-05-21,88100
941,de Farcy,Maryse,2,1960-05-18,88110
942,Nicol,Alexia,2,1993-10-17,88650
943,Gaillarbois,Valériane,2,1986-11-10,88650
944,Marcel,Nino,1,1976-08-26,88110
945,Blin,Gauthier,1,1959-05-21,88650
946,Rollin,Véronique,2,1972-04-08,88100
947,Vaillant,Florent,1,1972-07-09,88110
948,Merlet,Soren,1,1981-09-04,88100
949,Alvarez,Adam,1,1968-07-19,88110
950,Lamarque,Jolan,1,1979-04-28,88100
951,Tessier,Thiméo,1,1950-12-31,88430
952,Rodrigues,Virgile,1,1970-08-24,88470
953,Combes,Vanessa,2,1960-02-27,88470
954,Bruneau,Orianne,2,1976-12-28,88100
955,Pasquet,Sylviane,2,1945-12-26,88470
956,Framond,Noël,1,1948-10-21,88490
957,Lepretre,Damien,1,1945-01-22,88210
958,Fernandez,Géraldine,2,1962-04-06,88480
959,Lavigne,Sandra,2,1946-07-28,88430
960,Poulet,Nina,2,1948-02-05,88100
961,Varin,Cédric,1,1990-09-29,88420
962,Bertin,Maxime,1,1954-09-22,88650
963,Lelong,Raphaël,1,1962-03-07,88580
964,Morice,Chantal,2,1991-03-25,88430
965,Mace,Emilienne,2,1985-07-12,88420
966,Viaud,Max,1,1965-04-06,88480
967,Gimenez,Vianney,1,1985-11-20,88210
968,Lenoir,Tim,1,1964-12-09,88100
969,Braun,Manuel,1,1965-09-08,88430
970,Conte,Gérard,1,1988-08-08,88100
971,Girault,Salomé,2,1992-09-09,88100
972,Maitre,Karine,2,1951-04-10,88430
973,Jourdan,Kenzo,1,1963-05-10,88100
974,Viel,Laurence,2,1991-11-06,88420
975,Michelet,Jean-Baptiste,1,1979-10-11,88480
976,Roth,Sonia,2,1980-11-02,88490
977,Gros,Jordan,1,1986-01-29,88490
978,Lapierre,Mylène,2,1974-03-27,88210
979,Roland,François,1,1953-09-02,88650
980,Bignon,Thibaut,1,1951-03-04,88580
981,Manceau,Madeleine,2,1950-09-24,88580
982,Bonnefoy,Samantha,2,1946-01-26,88100
983,Raffin,Théo,1,1978-05-28,88430
984,Fortin,Naël,1,1962-08-17,88100
985,Constantin,Lou,2,1979-08-03,88110
986,Guyon,Kelly,2,1984-03-18,88110
987,Berthier,Margot,2,1979-01-11,88100
988,Guilbert,Yann,1,1960-01-06,88480
989,Jamet,Marie-Louise,2,1991-09-18,88490
990,Leconte,Marie-Noëlle,2,1976-12-03,88100
991,Boivin,Marie-Pierre,2,1983-03-22,88480
992,Dubuisson,Célestin,1,1948-10-30,88470
993,Bernier,Leonie,2,1947-08-05,88470
994,Charrier,Maria,2,1946-04-14,88480
995,Chauvin,Edith,2,1959-06-20,88480
996,Faye,Cindy,2,1991-03-06,88490
997,Marais,Gaspard,1,1990-11-28,88650
998,Delamare,Roman,1,1987-02-07,88520
999,Chapon,Jacques,1,1982-07-24,88480
1000,Martins,Florence,2,1949-12-17,88100
1001,Salles,Charlène,2,1964-07-13,88580
1002,Launay,Danielle,2,1980-03-05,88480
1003,Barrier,Olivia,2,1967-03-16,88110
1004,Roche,Micheline,2,1972-04-24,88110
1005,Beraud,Mathilde,2,1948-04-27,88100
1006,Craon,Jean-Paul,1,1979-02-17,88210
1007,Paillard,Catherine,2,1946-05-28,88420
1008,Bourdon,Théophile,1,1956-04-02,88100
1009,Peter,Matéo,1,1948-08-24,88100
1010,Rondeau,Harry,1,1994-03-12,88100
1011,Carlier,Bernard,1,1975-07-07,88430
1012,Garreau,Jean-Marie,1,1979-12-25,88100
1013,Delaunay,Jacqueline,2,1947-09-06,88100
1014,Darodes,Céleste,2,1953-12-02,88490
1015,Caille,Ange,1,1972-01-13,88580
1016,Honore,Nathan,1,1951-11-17,88490
1017,Baudry,Yvette,2,1985-11-17,88100
1018,Avril,Milo,1,1965-04-09,88650
1019,Grall,Claire,2,1948-11-13,88470
1020,Jacq,Victoria,2,1970-02-03,88480
1021,Landais,Fernande,2,1953-09-18,88100
1022,Godefroy,Julien,1,1951-09-06,88650
1023,Spoon,Jean-Philippe,1,1990-10-31,88100
1024,Lallement,Clément,1,1970-06-19,88430
1025,Huber,Liam,1,1982-10-26,88110
1026,Chenu,Germaine,2,1967-08-16,88110
1027,de Cardevac d'Havrin,Dorian,1,1980-05-07,88110
1028,Bonnet,Clara,2,1989-03-15,88490
1029,Lecomte,Téo,1,1975-01-10,88100
1030,Brouard,Josette,2,1979-01-24,88490
1031,Vial,Gilbert,1,1960-08-30,88420
1032,Foucaud,Nicole,2,1968-03-30,88110
1033,Robillard,Felix,1,1955-06-15,88470
1034,Monier,Tabitha,2,1945-12-16,88470
1035,Berthet,Ginette,2,1970-09-07,88420
1036,Lagrange,Nadege,2,1983-05-13,88480
1037,Dupin,Cloé,2,1986-11-01,88480
1038,Esteve,Bénédicte,2,1948-09-18,88490
1039,Jezequel,Elie,1,1979-11-16,88420
1040,Sarrazin,Richard,1,1982-01-15,88650
1041,Arnould,Jules,1,1977-01-07,88520
1042,Rigal,Urbain,1,1965-05-31,88210
1043,Deville,Milan,1,1952-01-12,88650
1044,Rault,Edouard,1,1977-08-05,88470
1045,Saunier,Marius,1,1951-08-24,88470
1046,Serrano,Basile,1,1964-01-02,88100
1047,Bernardy,Desirée,2,1977-10-02,88110
1048,Petit,Hector,1,1961-11-01,88210
1049,Mas,Luc,1,1949-07-20,88100
1050,Silva,Farah,2,1966-07-13,88490
1051,Moret,Léa,2,1948-03-25,88100
1052,Vigier,Robert,1,1960-12-23,88650
1053,Fuchs,Ursula,2,1983-09-25,88100
1054,Molina,Corinne,2,1976-05-07,88110
1055,Moine,Albin,1,1986-10-07,88420
1056,Renaudin,Ryan,1,1975-06-30,88110
1057,Tixier,Sandrine,2,1968-03-19,88100
1058,Gasnier,Logan,1,1951-02-15,88210
1059,Camus,Cerise,2,1955-10-26,88420
1060,Berthe,David,1,1972-04-12,88650
1061,Baudin,Hubert,1,1965-11-12,88580
1062,Duchemin,Maud,2,1978-07-08,88100
1063,Bourgeois,Bernadette,2,1948-02-25,88100
1064,Vautier,Abigail,2,1981-10-11,88100
1065,Sergent,Angèle,2,1954-09-11,88470
1066,Emery,Huguette,2,1962-10-21,88650
1067,Thebault,Noa,1,1945-06-27,88490
1068,Fourcade,Fabien,1,1978-09-06,88490
1069,Chardon,Alicia,2,1981-04-25,88490
1070,Colin,Peggy,2,1947-02-10,88580
1071,Jacquot,Paolo,1,1954-10-29,88520
1072,Chapelle,Gisèle,2,1982-12-03,88210
1073,Dumoulin,Fanny,2,1951-12-30,88100
1074,Gillet,Alix,1,1992-10-21,88420
1075,Barbot,Emeline,2,1975-12-16,88490
1076,Raynaud,Inès,2,1990-09-25,88100
1077,Germain,Thibaud,1,1953-06-12,88430
1078,Beaumont,Louise,2,1964-04-04,88430
1079,Crepin,Adeline,2,1977-06-30,88100
1080,Gourdon,Urielle,2,1994-09-13,88480
1081,Evrard,Emilie,2,1960-05-20,88480
1082,Auvray,Loan,1,1965-02-17,88100
1083,Barret,Julian,1,1960-03-30,88490
1084,Cabrol,Thibault,1,1989-09-04,88420
1085,Sans,Eloan,1,1989-10-03,88480
1086,Chambon,Eugene,1,1962-05-21,88100
1087,Bert,Zoé,2,1990-12-17,88110
1088,Lemaire,Bruno,1,1965-06-03,88430
1089,Girardot,Antonin,1,1955-11-05,88430
1090,Picot,Angélique,2,1968-06-23,88520
1091,Chauvel,Anatole,1,1950-07-15,88650
1092,Vernier,Valentine,2,1966-11-11,88470
1093,Morel,Charlie,1,1973-06-14,88520
1094,Bouchez,Romane,2,1976-11-10,88100
1095,Ferre,Louison,1,1990-10-01,88100
1096,Regnier,Isabelle,2,1967-09-25,88520
1097,Buffet,Anne-Laure,2,1975-01-11,88480
1098,Maze,Joris,1,1983-07-10,88520
1099,Delacroix,Solene,2,1964-09-09,88490
1100,Corbin,Enola,2,1945-09-03,88100
1101,Dias,Anissa,2,1956-07-15,88430
1102,Clouet,Stanislas,1,1979-10-20,88470
1103,Chevallier,Odette,2,1960-05-05,88480
1104,Revel,Jacky,1,1986-01-31,88470
1105,Bardet,Melanie,2,1960-01-20,88430
1106,Duc,Arnaud,1,1987-08-13,88420
1107,Gougeon,Noelle,2,1950-03-20,88100
1108,Parmentier,Aubin,1,1957-04-14,88210
1109,Monin,Ludwig,1,1981-10-26,88420
1110,Lenormand,Natacha,2,1963-06-22,88580
1111,Pinault,Mickey,1,1945-06-13,88480
1112,Josse,Yvaine,2,1946-01-30,88100
1113,Poulain,Tatiana,2,1960-09-19,88470
1114,Vergne,Emine,2,1959-11-15,88110
1115,Laval,Matteo,1,1992-05-03,88520
1116,Bouillon,Matthieu,1,1961-11-06,88650
1117,Dumortier,Mathieu,1,1992-06-10,88110
1118,Le guen,Guillaume,1,1961-01-06,88650
1119,Rivet,Anne,2,1955-07-16,88110
1120,Delcroix,Noan,1,1985-02-13,88100
1121,Mattei,Norbert,1,1947-03-02,88430
1122,Boisson,Marie,2,1954-12-08,88430
1123,Boisseau,Brice,1,1967-01-26,88110
1124,Gauthier,Viviane,2,1991-01-02,88470
1125,Desbois,Cassandra,2,1967-02-17,88480
1126,Thuillier,Perrine,2,1961-09-20,88490
1127,Fournier,Orane,2,1992-03-29,88420
1128,Duriez,Ronan,1,1994-11-17,88650
1129,Breeg,Benjamin,1,1993-12-03,88100
1130,Sabatier,Cyprien,1,1957-05-31,88490
1131,Gouin,Lydie,2,1964-08-10,88580
1132,Carvalho,Deborah,2,1965-06-03,88490
1133,Duchene,Dimitri,1,1984-11-11,88210
1134,Marco,Bastien,1,1963-02-12,88430
1135,Barre,Aude,2,1950-05-04,88480
1136,Chevalier,Sophie,2,1954-11-27,88650
1137,de Blanquefort,Amandine,2,1983-03-03,88480
1138,Raynal,Romain,1,1987-03-31,88490
1139,Pennino,Adrienne,2,1947-07-09,88650
1140,Legendre,Lætitia,2,1954-04-12,88520
1141,Bret,Jeanine,2,1955-07-18,88470
1142,Marchand,Tony,1,1954-01-29,88490
1143,Poirier,Alexandre,1,1955-10-03,88430
1144,Flament,Annie,2,1970-07-24,88490
1145,Mangin,Alphonse,1,1951-05-18,88470
1146,Houdet,Floriane,2,1950-05-16,88100
1147,Proust,Isaac,1,1955-11-15,88110
1148,Morand,Nicolas,1,1972-04-30,88650
1149,Gaubert,Maximilien,1,1959-06-27,88490
1150,Gaultier,Genevieve,2,1980-08-11,88100
1151,Rendiger,Zaccharie,1,1976-11-08,88100
1152,Masset,Nathalie,2,1986-09-07,88490
1153,Breton,Christine,2,1979-12-09,88100
1154,Langlais,Francine,2,1948-02-13,88650
1155,Lair,Carole,2,1988-03-02,88650
1156,Charpentier,Gaël,1,1968-11-15,88650
1157,Collignon,Anne-Marie,2,1977-01-16,88210
1158,Negre,Marceau,1,1956-06-21,88100
1159,Huynh,Fernand,1,1994-05-14,88490
1160,Saulnier,Jeannine,2,1988-06-17,88210
1161,Delaporte,Yolande,2,1986-10-03,88480
1162,Lalanne,Florian,1,1950-06-11,88470
1163,Hoarau,Benoit,1,1952-10-25,88470
1164,Crespin du Bec,Barbara,2,1949-05-28,88490
1165,d'Abancourt,Clementine,2,1950-01-05,88100
1166,Tanguy,Paulette,2,1972-06-25,88580
1167,Le Du,Rémi,1,1962-01-09,88490
1168,Noel,Luis,1,1965-05-30,88420
1169,Mathon,Grégory,1,1976-01-01,88210
1170,Martini,Sarah,2,1991-03-15,88650
1171,Gallet,Christiane,2,1979-07-12,88650
1172,Legras,Gaëtan,1,1959-10-20,88100
1173,Bouyer,Manon,2,1949-09-07,88100
1174,Lepage,Daniele,2,1971-04-29,88490
1175,Courtois,Pablo,1,1975-05-17,88580
1176,Gallois,Léo,1,1976-02-12,88100
1177,Marchal,Tom,1,1947-04-19,88520
1178,Faucher,Rachel,2,1987-08-01,88650
1179,Champion,Sélène,2,1967-03-30,88100
1180,Chauvet,Gabin,1,1993-07-10,88420
1181,Toussaint,Marina,2,1963-09-11,88100
1182,Carrier,Vadim,1,1957-08-25,88490
1183,Soler,Andrée,2,1965-03-03,88430
1184,Lejeune,Raoul,1,1992-10-11,88100
1185,Rousset,Eliot,1,1962-04-26,88100
1186,Alexandre,Marlene,2,1981-09-11,88210
1187,Ferrier,Victoire,2,1975-10-22,88490
1188,Cadiou,Katia,2,1982-01-15,88490
1189,Normand,Séverine,2,1983-02-09,88210
1190,Comte,Marie-Thérèse,2,1967-08-02,88100
1191,Le corre,Jennifer,2,1955-12-31,88100
1192,Guillet,Justine,2,1961-06-21,88100
1193,Boucher,Anna,2,1948-11-12,88420
1194,Petitjean,Néo,1,1990-05-19,88210
1195,Marteau,Joseph,1,1979-06-12,88110
1196,Ballet,Emmanuel,1,1952-11-21,88470
1197,Fournet,Dounia,2,1983-01-17,88100
1198,Le Berre,Emma,2,1993-12-07,88210
1199,Prigent,Teddy,1,1958-10-10,88100
1200,Lafont,Celia,2,1991-08-23,88210
1201,Rossignol,Thérèse,2,1977-10-24,88650
1202,Serres,Maelle,2,1974-03-13,88430
1203,Rouanet,Gabrielle,2,1983-03-08,88420
1204,Pereira,Suzanne,2,1992-04-23,88100
1205,Barral,Mickaël,1,1974-08-30,88480
1206,Ortega,Jean-Claude,1,1972-08-10,88100
1207,Le bris,Jocelyne,2,1969-05-19,88100
1208,Lebeau,Étienne,1,1971-07-05,88100
1209,Lacombe,Berthe,2,1992-03-12,88110
1210,Oger,Armand,1,1967-12-30,88490
1211,Canu,Zabou,2,1970-12-10,88470
1212,d'Everlange,Michael,1,1956-08-31,88100
1213,Da silva,Myriam,2,1958-03-22,88100
1214,Pires,Anne-Sophize,2,1972-10-03,88100
1215,Terrier,Jérémie,1,1961-09-04,88210
1216,Guillou,Eva,2,1981-07-27,88210
1217,Brunet,Océane,2,1946-03-06,88100
1218,Montagne,Kim,2,1946-10-24,88490
1219,Mary,Jean,1,1977-08-27,88470
1220,Bois,Dominique,2,1987-02-05,88650
1221,Choquet,Oscar,1,1965-04-09,88520
1222,Dos santos,Jérémy,1,1947-06-17,88420
1223,Delcourt,Yanis,1,1982-05-15,88650
1224,Foucher,Melodie,2,1958-11-25,88210
1225,Lienard,Martial,1,1975-01-03,88430
1226,de Champignac,Claudine,2,1979-07-21,88100
1227,Bourguignon,Jean-Pierre,1,1952-07-02,88100
1228,Galateau,Kilian,1,1964-07-21,88470
1229,Mougel,Xavière,2,1986-12-25,88100
1230,Devaux,Félix,1,1963-01-26,88490
1231,Perrot,Rose,2,1961-11-28,88100
1232,Olive,Kenna,2,1990-12-05,88110
1233,Redon,Joël,1,1946-02-25,88100
1234,Mahieu,Elio,1,1968-10-23,88100
1235,Pasquier,Paulin,1,1968-05-30,88650
1236,Collet,Armelle,2,1983-03-13,88100
1237,Huard,Rémy,1,1947-05-13,88490
1238,Lecuyer,Léonard,1,1977-06-17,88100
1239,Boucard,Tyméo,1,1953-06-13,88100
1240,Darras,Monique,2,1959-07-19,88470
1241,Hamel,Lydia,2,1951-12-03,88100
1242,Boileau,Margaux,2,1953-09-17,88470
1243,Legrand,Aline,2,1987-07-26,88490
1244,Jardin,Paul,1,1993-05-01,88650
1245,Granier,Melody,2,1980-08-04,88100
1246,Fayolle,Philippine,2,1963-04-04,88100
1247,Bizet,Corentin,1,1994-07-05,88650
1248,Cosson,Lucien,1,1964-11-19,88100
1249,Marquet,Killian,1,1969-04-11,88480
1250,Cottin,Francis,1,1971-07-20,88480
1251,Bouche,Kélian,1,1977-07-27,88100
1252,Barraud,Amaury,1,1977-08-18,88420
1253,Morvan,Jessy,1,1974-12-26,88470
1254,Drouin,Auguste,1,1980-01-17,88100
1255,Ferreira,José,1,1955-07-28,88650
1256,Bourdier,Tanguy,1,1964-02-17,88100
1257,Casanova,Mathias,1,1954-06-02,88520
1258,Prieur,Murielle,2,1987-08-01,88110
1259,Fabre,Marielle,2,1949-06-24,88100
1260,Robin,Simonne,2,1990-10-09,88420
1261,Geffroy,Morgan,1,1982-06-14,88210
1262,Besancon,Eugenie,2,1986-05-01,88100
1263,Lacaze,Octave,1,1958-07-08,88100
1264,Morin,Guy,1,1993-09-14,88480
1265,Carrere,Malika,2,1945-03-15,88520
1266,Garnier,Marcelle,2,1980-03-28,88210
1267,Maillet,Odilon,1,1954-05-24,88100
1268,Clavel,Julie,2,1967-01-17,88420
1269,Diot,Elisabeth,2,1955-04-23,88210
1270,Hernandez,Wendy,2,1971-08-18,88420
1271,Masse,Valentin,1,1977-06-24,88420
1272,Wagner,Mélissa,2,1980-05-08,88490
1273,Fievet,Irwin,1,1989-04-02,88520
1274,Maury,César,1,1947-03-27,88100
1275,Guilbaud,Lauriane,2,1952-07-12,88650
1276,Besnard,Cyril,1,1972-11-22,88580
1277,Cuvelier,Kévin,1,1983-05-07,88490
1278,Baudouin,Coline,2,1956-11-26,88650
1279,Fremont,Valérie,2,1983-09-06,88490
1280,Chauveau,Christian,1,1960-12-20,88430
1281,Maurin,Théodore,1,1973-12-12,88490
1282,Ragot,Léandre,1,1989-06-27,88210
1283,Pouget,Patrick,1,1988-11-11,88480
1284,Gérard,Jonathan,1,1947-11-10,88100
1285,Aubertin,Brigitte,2,1956-10-10,88210
1286,Philippon,Yoann,1,1954-01-24,88430
1287,Papin,Timeo,1,1956-11-24,88100
1288,Pillet,Valère,1,1986-08-24,88480
1289,Berard,Denise,2,1974-09-17,88210
1290,Aubin,Aurore,2,1968-06-07,88100
1291,Dubourg,Patricia,2,1978-01-20,88420
1292,Lucas,Laurent,1,1961-08-10,88100
1293,Renaud,Gaston,1,1973-08-01,88490
1294,Cochet,Jade,2,1961-09-09,88580
1295,Sevin,Aurelia,2,1990-04-25,88210
1296,Billy,Amélie,2,1970-09-14,88110
1297,Bouchet,Marcel,1,1971-06-20,88100
1298,Renou,Juliette,2,1966-10-18,88430
1299,Prunier,Augustine,2,1949-11-01,88480
1300,Auffret,Antoinette,2,1953-09-20,88100
1301,Cote,Maël,1,1973-08-30,88490
1302,Le bihan,Tania,2,1990-05-03,88470
1303,Mousset,Daniel,1,1980-07-06,88480
1304,Lebreton,Magali,2,1977-08-22,88470
1305,Bocquet,Guilhem,1,1947-03-14,88480
1306,Guiot,Philippe,1,1979-10-20,88480
1307,Philibert,Roméo,1,1976-02-20,88430
1308,Meyer,Loris,1,1976-10-15,88420
1309,Piat,Lorrain,1,1987-06-03,88650
1310,Mauduit,Malone,1,1984-05-19,88100
1311,Le bars,Blanche,2,1989-06-02,88100
1312,Tisserand,Kewan,1,1956-01-09,88430
1313,Lecocq,Lucienne,2,1993-08-07,88490
1314,Delhaye,Renée,2,1987-05-10,88580
1315,Ledoux,Faustine,2,1964-01-28,88100
1316,Gueguen,Pascale,2,1973-11-28,88650
1317,Deschamps,Josephine,2,1967-09-19,88580
1318,Delattre,Maé,1,1975-02-03,88100
1319,Moulin,Jeanne,2,1945-12-07,88100
1320,Collot,Yvan,1,1972-05-29,88650
1321,Aubert,Bertrand,1,1990-10-13,88520
1322,Tournier,Côme,1,1951-05-07,88210
1323,Godin,Arthur,1,1960-04-05,88490
1324,Delannoy,Marthe,2,1984-08-31,88490
1325,Jouve,Arlette,2,1982-09-30,88210
1326,de Montclos,Clovis,1,1948-02-22,88470
1327,Carriere,Liliane,2,1948-04-09,88100
1328,Segard,Annick,2,1980-11-12,88480
1329,Andre,Maude,2,1968-02-18,88100
1330,Monteil,Eliane,2,1978-11-29,88210
1331,Motte,Yannick,1,1951-07-13,88490
1332,Mahe,Meline,2,1988-08-25,88470
1333,Naudin,Zora,2,1967-08-03,88490
1334,Payen,Pascal,1,1946-05-01,88110
1335,Laine,Alfred,1,1969-11-20,88470
1336,Beaulieu,Emmanuelle,2,1969-03-08,88210
1337,Brisset,Chloé,2,1979-04-24,88210
1338,Goupil,Rudy,1,1947-09-25,88650
1339,Varlet,Thierry,1,1979-10-24,88520
1340,Bellot,Sylvain,1,1960-04-08,88470
1341,Raoul,Christelle,2,1957-09-15,88430
1342,Lechat,Melvin,1,1954-02-23,88100
1343,Babin,Sandro,1,1984-03-10,88110
1344,Racine,Joan,1,1953-05-03,88520
1345,Dubuc,Nathéo,1,1994-09-11,88520
1346,Ferrari,Yaël,1,1986-10-30,88110
1347,Vautrin,Boris,1,1965-09-23,88100
1348,Riviere,Valèry,1,1948-02-09,88100
1349,Roux,Hervé,1,1965-11-23,88420
1350,Boutin,Marguerite,2,1969-07-14,88490
1351,Gosselin,Malo,1,1993-08-25,88210
1352,Tison,Maxence,1,1975-03-14,88100
1353,Puech,Lena,2,1969-09-18,88100
1354,Huchet,Carlos,1,1950-11-03,88210
1355,Mazet,Adrien,1,1977-04-10,88490
1356,Lang,Didier,1,1984-05-28,88520
1357,Ouvrard,Matt,1,1987-07-14,88110
1358,Tardieu,Linda,2,1991-11-08,88480
1359,Grimaud,Elouan,1,1977-01-27,88210
1360,Raimbault,Axel,1,1970-01-26,88100
1361,Luciani,Estéban,1,1954-08-10,88210
1362,Huguet,Charlotte,2,1959-05-10,88100
1363,Rillart de Verneuil,Colette,2,1975-11-02,88650
1364,Gosset,Virginie,2,1993-09-16,88430
1365,Tran,Pierre,1,1994-01-29,88480
1366,Lesueur,Lino,1,1951-08-07,88420
1367,Hoffmann,Samuel,1,1951-09-01,88480
1368,Menard,Edwige,2,1993-03-06,88480
1369,Terrien,Agathe,2,1984-06-30,88100
1370,Grange,Angeline,2,1959-07-01,88210
1371,Carpentier,Elias,1,1989-07-17,88100
1372,Louis,Frédéric,1,1954-10-21,88100
1373,Blandin,Emrys,1,1991-07-12,88650
1374,Piot,Marin,1,1945-05-22,88470
1375,Rigaud,Caroline,2,1984-11-11,88110
1376,Vigneron,Rose-Marie,2,1987-08-03,88100
1377,Le roux,Noham,1,1991-09-21,88480
1378,Caillaud,Josiane,2,1964-05-22,88430
1379,Loyer,Victorine,2,1952-09-07,88470
1380,Michel,Thomas,1,1961-03-15,88420
1381,Mora,Henriette,2,1992-04-04,88100
1382,Jan,Laurie,2,1991-12-14,88480
1383,Garrigues,Gilles,1,1961-01-13,88210
1384,Chaix,Tristan,1,1946-08-06,88100
1385,Le Coz,Achille,1,1952-09-11,88100
1386,Portal,Laurine,2,1954-06-25,88100
1387,Miquel,Albert,1,1947-02-13,88480
1388,Hoareau,Agnès,2,1961-11-30,88100
1389,Fontaine,Mathis,1,1979-02-16,88420
1390,Pham,Anne-Lise,2,1987-07-22,88470
1391,d'Harcourt,Georgette,2,1950-07-18,88520
1392,Cros,Marie-Claude,2,1963-09-17,88100
1393,Chollet,Anthony,1,1967-06-29,88470
1394,Auger,Delphine,2,1984-09-04,88100
1395,Caillet,Thaïs,2,1986-05-08,88100
1396,Perrault,Ghislaine,2,1975-08-15,88100
1397,Blaise,Tessa,2,1992-10-31,88210
1398,Pouliquen,Timothée,1,1957-05-15,88100
1399,Roca,Gustave,1,1970-09-18,88110
1400,Allemand,Frédérique,2,1963-03-26,88480
1401,Barbier,Arwen,2,1966-08-24,88490
1402,Sorin,Pierrette,2,1945-12-13,88110
1403,Roger,Malcom,1,1968-12-09,88100
1404,Bailleul,Nolan,1,1988-06-07,88110
1405,Guillemin,Joachim,1,1975-04-07,88110
1406,Guery,Olive,1,1951-07-23,88580
1407,Laffont,Sylvie,2,1972-01-05,88490
1408,Mercier,Loïs,1,1986-04-11,88100
1409,Franco,Jonas,1,1952-05-02,88580
1410,Daval,Alexandra,2,1967-12-22,88100
1411,Jullien,Martin,1,1992-11-03,88420
1412,Caro,Yaëlle,2,1990-02-02,88110
1413,Bonnel,Youna,2,1985-04-01,88100
1414,Bataille,Charline,2,1978-04-20,88100
1415,Samson,Ludivine,2,1975-06-06,88520
1416,Brunel,Cécile,2,1977-08-31,88210
1417,Douay,Pimprenelle,2,1988-09-14,88110
1418,Vannier,Gwendoline,2,1978-12-15,88420
1419,Leveque,Gabriel,1,1976-11-16,88210
1420,Bayle,Annabelle,2,1969-07-19,88480
1421,Combe,Dylan,1,1990-03-16,88490
1422,Monnier,Mylan,1,1983-12-07,88650
1423,Gaudemaris,Joelle,2,1970-06-24,88480
1424,Rambaud,Diego,1,1956-09-23,88490
1425,Lemoine,Ruben,1,1954-01-21,88100
1426,Loisel,Marianne,2,1956-10-23,88210
1427,Moreira,Vincent,1,1972-11-25,88430
1428,Lafitte,Fabrice,1,1951-01-15,88100
1429,Masson,Lucas,1,1946-01-03,88430
1430,Oudin,Claude,1,1956-11-01,88110
1431,Guyot,Baptiste,1,1962-06-13,88100
1432,Blanchard,Joanna,2,1948-03-14,88490
1433,de Fontanges,Augustin,1,1994-07-06,88520
1434,Seguin,Gaëlle,2,1972-02-29,88480
1435,Barreau,Eloi,1,1962-06-03,88470
1436,Pinto,Ernest,1,1970-09-06,88580
1437,Aubry,René,1,1963-10-18,88210
1438,Delage,Roselynn,2,1992-04-25,88100
1439,Rougier,Ophélie,2,1967-04-07,88100
1440,Favier,Roland,1,1991-01-17,88470
1441,Lemonnier,Dany,1,1953-05-14,88470
1442,Michon,Loïc,1,1971-08-14,88210
1443,Guilloux,Yohann,1,1979-04-06,88470
1444,Drouet,Lola,2,1974-10-29,88100
1445,Gaillard,Charles,1,1957-01-30,88100
1446,Jarry,Sabrina,2,1973-05-01,88420
1447,Berton,Olympe,2,1951-07-16,88580
1448,Paris,Aimé,1,1956-12-05,88490
1449,Kremer,Raymond,1,1987-06-23,88100
1450,Favre,Titouan,1,1956-11-03,88420
1451,Pinet,Patrice,1,1952-10-06,88100
1452,Lemarchand,Béatrice,2,1945-12-14,88580
1453,Marty,Pauline,2,1948-08-28,88100
1454,Metayer,Zita,2,1976-02-15,88110
1455,Fouquet,Simone,2,1993-05-17,88520
1456,Fonteneau,Christel,2,1990-02-11,88650
1457,Boutet,Ilian,1,1956-10-05,88650
1458,Bonnin,Lorenzo,1,1994-04-18,88580
1459,Bouvier,Anne-Claire,2,1958-07-29,88100
1460,Fillon,Marjorie,2,1988-10-30,88490
1461,Billon,Zéphir,1,1961-03-04,88650
1462,Prudhomme,Jérôme,1,1984-11-11,88470
1463,Bauduin,Carla,2,1977-09-12,88470
1464,Reynaud,Alison,2,1961-07-15,88210
1465,Faivre,April,2,1969-05-12,88210
1466,Moreno,Alain,1,1971-06-11,88100
1467,Jouan,Andrea,2,1978-01-09,88490
1468,Prat,Lionel,1,1981-07-23,88520
1469,Vivier,Camille,1,1966-01-20,88490
1470,Guedon,Lilian,1,1956-05-21,88520
1471,Borel,Alexis,1,1979-02-07,88210
1472,Guegan,Simon,1,1979-05-18,88100
1473,Bellec,Ezio,1,1987-05-26,88520
1474,Massot,Arsène,1,1975-01-19,88650
1475,Garcia,Edmond,1,1973-04-04,88210
1476,Vallee,Françoise,2,1949-11-11,88490
1477,Bloch,Hugo,1,1964-07-05,88490
1478,Debray,Léon,1,1976-12-01,88100
1479,Pierron,Valérian,1,1953-09-09,88470
1480,Munoz,Harold,1,1975-08-11,88110
1481,Chapuis,Roger,1,1964-12-27,88110
1482,Gregoire,Martine,2,1983-06-03,88480
1483,Roussel,Emile,1,1985-02-01,88580
1484,Delpech,Karen,2,1985-10-01,88430
1485,Braud,Serge,1,1986-03-21,88100
1486,Costes,Justin,1,1981-06-23,88480
1487,Herbin,Albane,2,1974-05-01,88110
1488,Taillandier,Nadia,2,1982-05-24,88580
1489,Ducrocq,William,1,1962-06-09,88100
1490,Guichard,Jean-Louis,1,1947-08-17,88430
1491,Berry,Marie,1,1986-02-25,88480
1492,Garcin,Ylan,1,1975-09-25,88100
1493,Riche,Gilberte,2,1975-08-11,88480
1494,Bourgois,Estelle,2,1950-02-18,88490
1495,Le breton,Jean-Christophe,1,1975-05-25,88480
1496,Fleury,Kimi,2,1954-08-28,88650
1497,Florent,Marc,1,1963-03-18,88480
1498,Flores,Lenny,1,1961-04-24,88470
1499,Husson,Nadine,2,1989-03-04,88100
1500,Dupond,Alice,2,1948-07-29,88110
1501,Baudet,Marine,2,1984-06-09,88490
1502,Haas,Evan,1,1974-12-27,88470
1503,Provost,Henri,1,1960-08-30,88650
1504,Granger,Alban,1,1979-01-17,88100
1505,Gervais,Alexine,2,1978-03-03,88100
1506,de Bruyères-Chalabre,Christophe,1,1952-05-13,88110
1507,Fischer,Rayan,1,1950-05-16,88100
1508,Laroche,Victor,1,1981-07-30,88430
1509,Durieux,Laure,2,1971-02-11,88110
1510,Chiron,Eric,1,1972-01-17,88100
1511,Dubois,Robin,1,1962-01-01,88650
1512,Leleu,Maeva,2,1963-01-05,88490
1513,Forestier,Irene,2,1950-11-27,88650
1514,Rose,Janine,2,1972-09-10,88480
1515,Maisonneuve,Lubin,1,1976-09-01,88100
1516,Voisin,Lisa,2,1977-09-12,88100
1517,Desprez,Ethan,1,1993-08-15,88480
1518,Restaurand,Gérald,1,1953-04-12,88100
1519,Perret,Soan,1,1972-04-13,88480
1520,Torres,Lorraine,2,1947-06-29,88210
1521,Dumas,Jean-Michel,1,1953-10-14,88480
1522,Rolland,Abel,1,1961-09-21,88580
1523,De oliveira,Maryse,2,1988-02-12,88470
1524,Pelletier,Alexia,2,1973-01-24,88210
1525,Pepin,Valériane,2,1973-10-01,88100
1526,Trouve,Nino,1,1988-11-11,88100
1527,Weiss,Gauthier,1,1968-10-31,88480
1528,Bruyere,Véronique,2,1976-09-15,88490
1529,Le Floch,Florent,1,1958-06-09,88480
1530,Galembert,Soren,1,1983-12-18,88430
1531,Pinson,Adam,1,1951-05-10,88100
1532,Tardy,Jolan,1,1975-05-24,88490
1533,Wagner,Thiméo,1,1972-11-09,88480
1534,Fievet,Virgile,1,1949-12-12,88650
1535,Maury,Vanessa,2,1951-02-25,88650
1536,Guilbaud,Orianne,2,1954-09-10,88470
1537,Besnard,Sylviane,2,1976-01-04,88210
1538,Cuvelier,Noël,,1949-06-26,88420
1539,Baudouin,Damien,1,1963-10-24,88490
1540,Fremont,Géraldine,2,1986-10-23,88430
1541,Chauveau,Sandra,2,1960-05-03,88470
1542,Maurin,Nina,2,1985-05-30,88110
1543,Ragot,Cédric,1,1985-12-04,88520
1544,Pouget,Maxime,1,1951-07-14,88100
1545,Gérard,Raphaël,1,1988-01-26,88110
1546,Aubertin,Chantal,2,1962-08-09,88520
1547,Philippon,Emilienne,2,1979-08-19,88490
1548,Papin,Max,1,1990-04-21,88490
1549,Pillet,Vianney,1,1989-10-09,88100
1550,Berard,Tim,1,1991-04-07,88480
1551,Aubin,Manuel,1,1972-03-26,88210
1552,Dubourg,Gérard,1,1956-06-15,88490
1553,Lucas,Salomé,2,1970-01-17,88100
1554,Renaud,Karine,2,1948-08-06,88480
1555,Cochet,Kenzo,1,1992-06-04,88650
1556,Sevin,Laurence,2,1961-07-14,88470
1557,Billy,Jean-Baptiste,1,1991-05-22,88490
1558,Bouchet,Sonia,2,1961-10-05,88210
1559,Renou,Jordan,1,1964-05-23,88100
1560,Prunier,Mylène,2,1984-10-07,88480
1561,Auffret,François,1,1989-05-25,88650
1562,Cote,Thibaut,1,1976-03-05,88110
1563,Le bihan,Madeleine,2,1982-03-23,88100
1564,Mousset,Samantha,2,1957-02-10,88100
1565,Lebreton,Théo,1,1967-12-23,88100
1566,Bocquet,Naël,1,1965-05-11,88470
1567,Guiot,Lou,2,1980-08-19,88100
1568,Philibert,Kelly,2,1962-03-16,88100
1569,Meyer,Margot,2,1978-05-19,88420
1570,Piat,Yann,1,1993-11-20,88470
1571,Mauduit,Marie-Louise,2,1963-06-28,88470
1572,Le bars,Marie-Noëlle,2,1961-10-17,88650
1573,Tisserand,Marie-Pierre,2,1987-06-08,88470
1574,Lecocq,Célestin,1,1979-03-21,88490
1575,Delhaye,Leonie,2,1946-06-09,88100
1576,Ledoux,Maria,2,1947-09-09,88100
1577,Gueguen,Edith,2,1973-05-14,88100
1578,Deschamps,Cindy,2,1956-10-01,88430
1579,Delattre,Gaspard,1,1957-11-28,88470
1580,Moulin,Roman,1,1957-09-14,88520
1581,Collot,Jacques,1,1955-10-09,88210
1582,Aubert,Florence,2,1961-11-19,88420
1583,Tournier,Charlène,2,1945-03-28,88100
1584,Godin,Danielle,2,1994-02-15,88520
1585,Delannoy,Olivia,2,1967-11-02,88430
1586,Jouve,Micheline,2,1982-03-09,
1587,de Montclos,Mathilde,2,1947-02-23,88470
1588,Carriere,Jean-Paul,1,1955-06-07,88650
1589,Segard,Catherine,2,1950-03-06,88420
1590,André,Théophile,1,1984-12-23,88100
1591,Monteil,Matéo,1,1958-06-21,88110
1592,Motte,Harry,1,1956-09-03,88470
1593,Mahé,Bernard,1,1973-09-27,88490
1594,Naudin,Jean-Marie,1,1957-01-05,88650
1595,Payen,Jacqueline,2,1951-05-21,88520
1596,Laine,Céleste,2,1980-04-24,88100
1597,Beaulieu,Ange,1,1954-11-20,88650
1598,Brisset,Nathan,1,1968-10-03,88480
1599,Goupil,Yvette,2,1991-01-17,88110
1600,Varlet,Milo,1,1981-02-05,88430
1601,Bellot,Claire,2,1961-04-14,88420
1602,Raoul,Victoria,2,1986-08-03,88490
1603,Lechat,Fernande,2,1964-07-20,88420
1604,Babin,Julien,1,1982-10-17,88520
1605,Racine,Jean-Philippe,1,1964-10-10,88100
1606,Dubuc,Clément,1,1977-12-17,88480
1607,Ferrari,Liam,1,1949-06-15,88100
1608,Vautrin,Germaine,2,1975-03-31,88490
1609,Riviere,Dorian,1,1951-12-03,88650
1610,Roux,Clara,2,1994-10-19,88100
1611,Boutin,Téo,1,1963-04-30,88520
1612,Gosselin,Josette,2,1945-10-24,88100
1613,Tison,Gilbert,1,1993-06-26,88420
1614,Puech,Nicole,2,1954-07-16,88480
1615,Huchet,Felix,1,1981-01-21,88110
1616,Mazet,Tabitha,2,1978-04-06,88100
1617,Lang,Ginette,2,1956-02-19,88100
1618,Ouvrard,Nadege,2,1985-02-22,88650
1619,Tardieu,Cloé,2,1976-06-14,88430
1620,Grimaud,Bénédicte,2,1990-07-25,88100
1621,Raimbault,Elie,1,1961-11-23,88490
1622,Luciani,Richard,1,1964-07-12,88100
1623,Huguet,Jules,1,1972-10-28,88480
1624,Rillart de Verneuil,Urbain,1,1948-10-30,88110
1625,Gosset,Milan,1,1987-03-01,88470
1626,Tran,Edouard,1,1947-07-15,88100
1627,Lesueur,Marius,1,1976-09-22,88430
1628,Hoffmann,Basile,1,1966-12-25,88110
1629,Menard,Johanna,2,1959-02-19,88490
1630,Terrien,Hector,1,1992-11-09,88470
1631,Grange,Luc,1,1986-11-27,88580
1632,Carpentier,Farah,2,1952-05-22,88210
1633,Louis,Léa,2,1975-09-16,88100
1634,Blandin,Robert,1,1946-07-01,88100
1635,Piot,Ursula,2,1962-04-01,88110
1636,Rigaud,Corinne,2,1963-01-18,88520
1637,Vigneron,Albin,1,1957-11-15,88100
1638,Le roux,Ryan,1,1969-06-17,88480
1639,Caillaud,Sandrine,2,1958-04-07,88210
1640,Loyer,Logan,1,1966-07-28,88520
1641,Michel,Cerise,2,1975-07-02,88580
1642,Mora,David,1,1975-03-14,88110
1643,Jan,Hubert,1,1960-10-06,88480
1644,Garrigues,Maud,2,1954-09-02,88490
1645,Chaix,Bernadette,2,1945-06-18,88490
1646,Le Coz,Abigaëlle,2,1962-01-23,88650
1647,Portal,Angèle,2,1972-11-04,88650
1648,Miquel,Huguette,2,1960-06-14,88480
1649,Hoareau,Noa,1,1966-10-18,88490
1650,Fontaine,Fabien,1,1988-11-04,88520
1651,Pham,Alicia,2,1971-09-26,88490
1652,d'Harcourt,Peggy,2,1971-03-24,88480
1653,Cros,Paolo,1,1964-11-24,88210
1654,Chollet,Gisèle,2,1966-04-07,88480
1655,Auger,Fanny,2,1978-09-21,88100
1656,Caillet,Alix,1,1980-05-02,88420
1657,Perrault,Emeline,2,1971-09-12,88480
1658,Blaise,Inès,2,1951-06-27,88580
1659,Pouliquen,Thibaud,1,1979-09-05,88100
1660,Roca,Louise,2,1967-03-18,88580
1661,Allemand,Adeline,2,1974-12-19,88470
1662,Barbier,Urielle,2,1983-07-08,88490
1663,Sorin,Emilie,2,1981-02-22,88100
1664,Roger,Loan,1,1961-02-10,88490
1665,Bailleul,Julian,1,1984-04-20,88580
1666,Guillemin,Thibault,1,1988-03-08,88430
1667,Guery,Eloan,1,1993-04-29,88490
1668,Laffont,Eugene,1,1967-11-02,88490
1669,Mercier,Zoé,2,1946-03-06,88430
1670,Franco,Bruno,1,1993-11-04,88100
1671,Daval,Antonin,1,1984-09-04,88420
1672,Jullien,Angélique,2,1952-07-12,88110
1673,Caro,Anatole,1,1985-09-24,88520
1674,Bonnel,Valentine,2,1979-08-22,88100
1675,Bataille,Charlie,1,1991-03-31,88480
1676,Samson,Romane,2,1974-04-13,88520
1677,Brunel,Louison,1,1993-05-03,88520
1678,Douay,Isabelle,2,1963-01-16,88100
1679,Vannier,Anne-Laure,2,1978-08-25,88580
1680,Leveque,Joris,1,1964-03-25,88100
1681,Bayle,Solene,2,1960-08-27,88210
1682,Combe,Enola,2,1990-08-25,88420
1683,Monnier,Anissa,2,1981-03-24,88480
1684,Gaudemaris,Stanislas,1,1983-06-29,88520
1685,Rambaud,Odette,2,1989-11-20,88470
1686,Lemoine,Jacky,1,1954-06-09,88650
1687,Loisel,Melanie,2,1957-05-12,88470
1688,Moreira,Arnaud,1,1982-05-04,88100
1689,Lafitte,Noelle,2,1960-07-14,88100
1690,Masson,Aubin,1,1980-03-04,88110
1691,Oudin,Ludwig,1,1948-04-13,88100
1692,Guyot,Natacha,2,1947-11-26,88100
1693,Blanchard,Mickey,1,1952-01-30,88490
1694,de Fontanges,Yvaine,2,1964-03-25,88470
1695,Seguin,Tatiana,2,1958-12-15,88100
1696,Barreau,Emine,2,1973-12-24,88110
1697,Pinto,Matteo,1,1969-06-05,88520
1698,Aubry,Matthieu,1,1978-10-04,88100
1699,Delage,Mathieu,1,1990-12-11,88480
1700,Rougier,Guillaume,1,1959-07-07,88580
1701,Favier,Anne,2,1972-01-28,88430
1702,Lemonnier,Noan,1,1975-11-25,88480
1703,Michon,Norbert,1,1951-12-12,88650
1704,Guilloux,Marie,2,1990-05-22,88110
1705,Drouet,Brice,1,1955-05-24,88520
1706,Gaillard,Viviane,2,1974-10-05,88420
1707,Jarry,Cassandra,2,1971-03-19,88100
1708,Berton,Perrine,2,1964-04-23,88100
1709,Paris,Orane,2,1981-07-09,88480
1710,Kremer,Ronan,1,1973-02-04,88100
1711,Favre,Benjamin,1,1961-12-11,88650
1712,Pinet,Cyprien,1,1954-06-02,88480
1713,Lemarchand,Lydie,2,1989-02-01,88420
1714,Marty,Deborah,2,1959-03-14,88480
1715,Metayer,Dimitri,1,1990-04-09,88100
1716,Fouquet,Bastien,1,1974-07-07,88650
1717,Fonteneau,Aude,2,1970-04-01,88490
1718,Boutet,Sophie,2,1956-10-08,88470
1719,Bonnin,Amandine,2,1959-07-01,88100
1720,Bouvier,Romain,1,1954-09-12,88100
1721,Fillon,Adrienne,2,1975-06-19,88520
1722,Billon,Laetitia,2,1946-04-23,88100
1723,Prudhomme,Jeanine,2,1976-02-26,88100
1724,Bauduin,Tony,1,1951-10-15,88100
1725,Reynaud,Alexandre,1,1946-02-01,88480
1726,Faivre,Annie,2,1983-10-17,88110
1727,Moreno,Alphonse,1,1956-04-02,88650
1728,Jouan,Floriane,2,1964-07-01,88480
1729,Prat,Isaac,1,1982-02-07,88430
1730,Vivier,Nicolas,1,1993-06-30,88480
1731,Guedon,Maximilien,1,1980-03-15,88110
1732,Borel,Genevieve,2,1990-09-14,88650
1733,Guegan,Zaccharie,1,1950-02-16,88490
1734,Bellec,Nathalie,2,1958-04-12,88100
1735,Massot,Christine,2,1958-05-19,88100
1736,Garcia,Francine,2,1952-12-04,88100
1737,Vallee,Carole,2,1954-03-20,88110
1738,Bloch,Gaël,1,1979-06-05,88650
1739,Debray,Anne-Marie,2,1964-04-28,88580
1740,Pierron,Marceau,1,1977-05-04,88480
1741,Munoz,Fernand,1,1976-10-03,88650
1742,Chapuis,Jeannine,2,1947-06-30,88480
1743,Gregoire,Yolande,2,1987-05-17,88480
1744,Roussel,Florian,1,1979-04-20,88650
1745,Delpech,Benoit,1,1973-03-06,88480
1746,Braud,Barbara,2,1976-12-24,88210
1747,Wagner,Clementine,2,1946-09-13,88100
1748,Fievet,Paulette,2,1986-07-01,88210
1749,Maury,Rémi,1,1979-07-25,88100
1750,Guilbaud,Luis,1,1976-11-17,88430
1751,Besnard,Grégory,1,1955-02-07,88490
1752,Cuvelier,Sarah,2,1983-04-30,88470
1753,Baudouin,Christiane,2,1982-12-19,88110
1754,Fremont,Gaëtan,1,1950-01-12,88480
1755,Chauveau,Manon,2,1971-04-03,88650
1756,Maurin,Daniele,2,1957-06-10,88100
1757,Ragot,Pablo,1,1946-12-22,88470
1758,Pouget,Léo,1,1949-12-24,88580
1759,Gérard,Tom,1,1994-01-17,88100
1760,Aubertin,Rachel,2,1968-07-08,88110
1761,Philippon,Sélène,2,1948-01-05,88470
1762,Papin,Gabin,1,1972-09-03,88210
1763,Pillet,Cyril,1,1984-08-21,88110
1764,Berard,Kévin,1,1975-01-01,88470
1765,Aubin,Coline,2,1994-03-27,88470
1766,Dubourg,Valérie,2,1978-12-19,88420
1767,Lucas,Christian,1,1965-06-15,88650
1768,Renaud,Théodore,1,1947-04-17,88100
1769,Cochet,Léandre,1,1956-02-11,88110
1770,Sevin,Patrick,1,1988-12-25,88100
1771,Billy,Jonathan,1,1977-05-05,88210
1772,van Meerhaegue,Brigitte,2,1988-12-06,88100
1773,Renou,Yoann,1,1948-12-18,88520
1774,Prunier,Timeo,1,1984-12-09,88490
1775,Auffret,Valère,1,1948-02-06,88210
1776,Cote,Denise,2,1947-11-06,88100
1777,Le bihan,Aurore,2,1986-09-05,88110
1778,Mousset,Patricia,2,1957-08-10,88490
1779,Lebreton,Laurent,1,1956-05-22,88520
1780,Bocquet,Gaston,1,1955-06-20,88490
1781,Guiot,Jade,2,1951-09-07,88210
1782,Philibert,Aurelia,2,1952-05-27,88100
1783,Meyer,Amélie,2,1961-07-22,88420
1784,Piat,Marcel,1,1968-02-23,88430
1785,Mauduit,Juliette,2,1950-04-28,88520
1786,Le Bars,Augustine,2,1945-06-27,88100
1787,Tisserand,Antoinette,2,1978-05-13,88650
1788,Lecocq,Maël,1,1949-06-07,88490
1789,Delhaye,Tania,2,1990-08-17,88100
1790,Ledoux,Daniel,1,1978-05-29,88470
1791,Gueguen,Magali,2,1953-09-20,88110
1792,Deschamps,Guilhem,1,1985-09-02,88100
1793,Delattre,Philippe,1,1958-09-02,88100
1794,Moulin,Roméo,1,1970-01-23,88470
1795,Collot,Loris,1,1971-08-12,88480
1796,Aubert,Lorrain,1,1990-05-20,88470
1797,Tournier,Malone,1,1959-01-23,88470
1798,Godin,Blanche,2,1960-10-04,88430
1799,Delannoy,Kewan,1,1957-12-17,88520
1800,Jouve,Lucienne,2,1991-10-07,88490
1801,de Montclos,Renée,2,1949-01-13,88100
1802,Carriere,Faustine,2,1994-02-03,88210
1803,Segard,Pascale,2,1949-12-22,88100
1804,Andrez,Josephine,2,1969-03-04,88100
1805,Monteil,Maé,1,1964-05-23,88420
1806,Motte,Jeanne,2,1982-08-12,88650
1807,Mahe,Yvan,1,1981-03-31,88110
1808,Naudin,Bertrand,1,1986-05-02,88100
1809,Payen,Côme,1,1953-11-11,88100
1810,Laine,Arthur,1,1974-02-02,88430
1811,Beaulieu,Marthe,2,1981-10-11,88420
1812,Brisset,Arlette,2,1991-06-28,88420
1813,Goupil,Clovis,1,1952-07-29,88100
1814,Varlet,Liliane,2,1967-09-20,88100
1815,Bellot,Annick,2,1967-05-18,88100
1816,Raoul,Maude,2,1956-06-01,88110
1817,Lechat,Eliane,2,1947-06-07,88650
1818,Babin,Yannick,1,1968-11-25,88100
1819,Racine,Meline,2,1955-06-01,88100
1820,Dubuc,Zora,2,1985-11-01,88210
1821,Ferrari,Laurence,2,1966-07-05,88480
1822,Vautrin,Alfred,1,1949-11-29,88480
1823,Riviere,Emmanuelle,2,1961-08-07,88100
1824,Roux,Chloé,2,1978-02-07,88420
1825,Boutin,Rudy,1,1984-12-25,88100
1826,Gosselin,Thierry,1,1968-03-30,88100
1827,Tison,Sylvain,1,1982-02-02,88420
1828,Puech,Christelle,2,1962-08-13,88110
1829,Huchet,Melvin,1,1947-05-25,88100
1830,Mazet,Sandro,1,1958-12-04,88100
1831,Lang,Joan,1,1988-09-18,88100
1832,Ouvrard,Nathéo,1,1965-02-28,88480
1833,Tardieu,Yaël,1,1967-12-30,88210
1834,Grimaud,Boris,1,1982-06-04,88110
1835,Raimbault,Valèry,1,1975-05-26,88490
1836,Luciani,Hervé,1,1946-07-10,88490
1837,Huguet,Marguerite,2,1947-09-20,88420
1838,Rillart de Verneuil,Malo,1,1953-09-06,88470
1839,Gosset,Maxence,1,1945-02-23,88490
1840,Tran,Lena,2,1960-05-23,88490
1841,Lesueur,Carlos,1,1972-03-31,88100
1842,Hoffmann,Adrien,1,1979-10-28,88490
1843,Menard,Didier,1,1957-03-29,88210
1844,Terrien,Matt,1,1947-04-06,88110
1845,Grange,Linda,2,1992-04-05,88520
1846,Carpentier,Elouan,1,1958-12-15,88210
1847,Louis,Axel,1,1981-07-05,88110
1848,Blandin,Estéban,1,1956-07-08,88110
1849,Piot,Charlotte,2,1953-04-03,88490
1850,Rigaud,Colette,2,1955-09-10,88470
1851,Vigneron,Virginie,2,1953-09-07,88110
1852,Le roux,Pierre,1,1952-01-24,88430
1853,Caillaud,Lino,1,1951-08-27,88110
1854,Loyer,Samuel,1,1945-02-13,88480
1855,Michel,Edwige,2,1993-10-17,88480
1856,Mora,Agathe,2,1973-04-24,88110
1857,Jan,Angeline,2,1951-12-21,88110
1858,Garrigues,Elias,1,1963-07-21,88100
1859,Chaix,Frédéric,1,1963-12-21,88430
1860,Le Coz,Emrys,1,1949-03-14,88420
1861,Portal,Marin,1,1967-11-16,88490
1862,Miquel,Caroline,2,1952-01-26,88470
1863,Hoareau,Rose-Marie,2,1988-12-14,88520
1864,Fontaine,Noham,1,1989-07-16,88210
1865,Pham,Josiane,2,1971-06-22,88100
1866,d'Harcourt,Victorine,2,1985-08-16,88110
1867,Cros,Thomas,1,1958-05-14,88480
1868,Chollet,Henriette,2,1987-01-25,88210
1869,Auger,Laurie,2,1972-05-16,88100
1870,Caillet,Gilles,1,1971-10-01,88470
1871,Perrault,Tristan,1,1961-07-19,88650
1872,Blaise,Achille,1,1952-02-17,88480
1873,Pouliquen,Laurine,2,1967-02-05,88110
1874,Roca,Albert,1,1994-09-16,88650
1875,Allemand,Agnès,2,1962-02-03,88100
1876,Barbier,Mathis,1,1949-02-28,88650
1877,Sorin,Anne-Lise,2,1970-06-25,88100
1878,Roger,Georgette,2,1947-10-11,88490
1879,Bailleul,Marie-Claude,2,1989-03-04,88580
1880,Guillemin,Anthony,1,1955-09-07,88470
1881,Guery,Delphine,2,1978-10-08,88110
1882,Laffont,Thaïs,2,1958-10-23,88110
1883,Mercier,Ghislaine,2,1956-05-03,88110
1884,Franco,Tessa,2,1991-05-14,88580
1885,Daval,Timothée,1,1990-07-27,88470
1886,Jullien,Gustave,1,1981-12-05,88490
1887,Caro,Frédérique,2,1989-05-20,88490
1888,Bonnel,Arwen,2,1980-07-19,88650
1889,Bataille,Pierrette,2,1972-08-31,88100
1890,Samson,Malcom,1,1992-06-30,88100
1891,Brunel,Nolan,1,1980-06-06,88520
1892,Douay,Joachim,1,1955-01-10,88430
1893,Vannier,Olive,1,1965-07-29,88430
1894,Leveque,Sylvie,2,1958-07-30,88470
1895,Bayle,Loïs,1,1994-03-04,88420
1896,Combe,Jonas,1,1964-04-28,88110
1897,Monnier,Alexandra,2,1949-03-30,88100
1898,Gaudemaris,Martin,1,1964-08-24,88650
1899,Rambaud,Yaëlle,2,1960-08-15,88100
1900,Lemoine,Youna,2,1976-08-30,88480
1901,Loisel,Charline,2,1957-01-17,88110
1902,Moreira,Ludivine,2,1979-04-02,88480
1903,Lafitte,Cécile,2,1950-11-03,88100
1904,Masson,Pimprenelle,2,1969-12-09,88100
1905,Oudin,Gwendoline,2,1952-10-06,88580
1906,Guyot,Gabriel,1,1986-05-04,88100
1907,Blanchard,Annabelle,2,1992-11-27,88100
1908,de Fontanges,Dylan,1,1988-10-09,88210
1909,Seguin,Mylan,1,1963-08-25,88100
1910,Barreau,Joelle,2,1960-10-09,88100
1911,Pinto,Diego,1,1966-03-17,88480
1912,Aubry,Ruben,1,1974-12-27,88470
1913,Delage,Marianne,2,1950-10-17,88650
1914,Rougier,Vincent,1,1956-07-08,88490
1915,Favier,Fabrice,1,1993-05-23,88100
1916,Lemonnier,Lucas,1,1987-06-15,88470
1917,Michon,Claude,1,1989-11-13,88210
1918,Guilloux,Baptiste,1,1993-01-20,88430
1919,Drouet,Joanna,2,1992-05-02,88490
1920,Gaillard,Augustin,1,1970-03-23,88490
1921,Jarry,Gaëlle,2,1967-08-24,88480
1922,Berton,Eloi,1,1975-09-26,88110
1923,Paris,Ernest,1,1974-05-03,88470
1924,Kremer,René,1,1990-06-28,88100
1925,Favre,Roseline,2,1988-12-02,88420
1926,Pinet,Ophélie,2,1957-06-08,88420
1927,Lemarchand,Roland,1,1969-04-13,88520
1928,Marty,Dany,1,1961-01-13,88470
1929,Metayer,Loïc,1,1978-12-18,88100
1930,Fouquet,Yohann,1,1954-09-05,88650
1931,Fonteneau,Lola,2,1966-08-31,88490
1932,Boutet,Charles,1,1986-01-20,88100
1933,Bonnin,Sabrina,2,1988-01-26,88520
1934,Bouvier,Olympe,2,1961-08-11,88100
1935,Fillon,Aimé,1,1958-09-03,88110
1936,Billon,Raymond,1,1982-12-01,88420
1937,Prudhomme,Titouan,1,1986-07-04,88100
1938,Bauduin,Patrice,1,1960-07-24,88100
1939,Reynaud,Béatrice,2,1969-01-04,88430
1940,Faivre,Pauline,2,1994-12-17,88210
1941,Moreno,Zita,2,1974-07-30,88650
1942,Jouan,Simone,2,1957-03-14,88420
1943,Prat,Christel,2,1981-01-04,88110
1944,Vivier,Ilian,1,1968-02-13,88430
1945,Guedon,Lorenzo,1,1990-05-16,88580
1946,Borel,Anne-Claire,2,1989-03-09,88100
1947,Guegan,Marjorie,2,1979-02-18,88100
1948,Bellec,Zéphir,1,1952-02-22,88580
1949,Massot,Jérôme,1,1948-07-24,88480
1950,Garcia,Carla,2,1977-06-13,88110
1951,Vallee,Alison,2,1954-11-20,88490
1952,Bloch,April,2,1980-10-17,88210
1953,Debray,Alain,1,1948-06-11,88480
1954,Pierron,Andrea,2,1960-11-28,88420
1955,Munoz,Lionel,1,1980-01-13,88650
1956,Chapuis,Camille,1,1955-02-05,88470
1957,Gregoire,Lilian,1,1968-09-30,88100
1958,Roussel,Alexis,1,1967-10-11,88430
1959,Delpech,Simon,1,1962-07-04,88650
1960,Braud,Ezio,1,1971-02-20,88480
1961,Lemarchand,Arsène,1,1945-12-26,88580
1962,Marty,Edmond,1,1984-10-21,88650
1963,Metayer,Françoise,2,1986-05-24,88490
1964,Fouquet,Hugo,1,1991-03-08,88100
1965,Fonteneau,Léon,1,1972-05-30,88100
1966,Boutet,Valérian,1,1981-09-16,88430
1967,Bonnin,Harold,1,1988-01-05,88100
1968,Bouvier,Roger,1,1950-09-29,88520
1969,Fillon,Martine,2,1982-12-01,88480
1970,Billon,Emile,1,1968-08-06,88100
1971,Prud'homme,Karen,2,1989-10-10,88100
1972,Bauduin,Serge,1,1964-08-31,88210
1973,Reynaud,Justin,1,1980-08-30,88520
1974,Faivre,Albane,2,1980-09-22,88490
1975,Moreno,Nadia,2,1978-05-11,88210
1976,Jouan,William,1,1986-10-21,88420
1977,Prat,Jean-Louis,1,1955-07-17,88100
1978,Vivier,Marie,1,1951-12-03,88210
1979,Guedon,Ylan,1,1963-07-09,88210
1980,Borel,Gilberte,2,1994-05-05,88110
1981,Guegan,Estelle,2,1967-12-28,88110
1982,Bellec,Jean-Christophe,1,1994-10-15,88480
1983,Massot,Kimi,2,1955-09-20,88100
1984,Garcia,Marc,1,1964-11-22,88430
1985,Vallee,Lenny,1,1973-09-24,88210
1986,Bloch,Nadine,2,1968-10-20,88490
1987,Debray,Alice,2,1965-10-13,88420
1988,Pierron,Marine,2,1973-02-18,88480
1989,Munoz,Evan,1,1972-07-14,88100
1990,Chapuis,Henri,1,1984-02-01,88110
1991,Gregoire,Alban,1,1951-03-15,88100
1992,Roussel,Alexine,2,1973-08-14,88420
1993,Delpech,Christophe,1,1969-10-15,88100
1994,Braud,Rayan,1,1961-10-09,88100
1995,Wagner,Victor,1,1950-01-07,88480
1996,Fievet,Laure,2,1954-03-19,88100
1997,Maury,Eric,1,1954-05-28,88480
1998,Guilbaud,Robin,1,1983-04-30,88480
1999,Besnard,Maeva,2,1993-03-08,88490
2000,Cuvelier,Irene,2,1987-02-01,88650
2001,Baudouin,Janine,2,1988-09-05,88650
2002,Fremont,Lubin,1,1954-04-28,88100
2003,Chauveau,Lisa,2,1953-03-19,88480
2004,Maurin,Ethan,1,1961-05-28,88480
2005,Ragot,Gérald,1,1973-02-16,88420
2006,Pouget,Soan,1,1965-03-04,88110
2007,Gérard,Lorraine,2,1977-04-07,88580
2008,Aubertin,Jean-Michel,1,1991-05-17,88100
2009,Philippon,Abel,1,1959-08-30,88110
2010,Papin,Maryse,2,1956-05-23,88100
2011,Pillet,Alexia,2,1991-01-27,88110
2012,Berard,Valériane,2,1966-10-22,88430
2013,Aubin,Nino,1,1964-08-27,88210
2014,Dubourg,Gauthier,1,1955-09-03,88100
2015,Lucas,Véronique,2,1946-09-28,88480
2016,Renaud,Florent,1,1992-01-29,88100
2017,Cochet,Soren,1,1992-03-24,88100
2018,Sevin,Adam,1,1946-01-30,88490
2019,Billy,Jolan,1,1991-07-21,88480
2020,Bouchet,Thiméo,1,1987-11-16,88100
2021,Renou,Virgile,1,1956-04-17,88490
2022,Prunier,Vanessa,2,1978-04-22,88210
2023,Auffret,Orianne,2,1947-07-10,88110
2024,Cote,Sylviane,2,1965-05-18,88430
2025,Le Bihan,Noël,1,1977-12-24,88100
2026,Mousset,Damien,1,1989-11-08,88110
2027,Lebreton,Géraldine,2,1945-03-03,88100
2028,Bocquet,Sandra,2,1978-04-06,88490
2029,Guiot,Nina,2,1990-01-26,88520
2030,Philibert,Cédric,1,1948-05-12,88470
2031,Rousselle,Maxime,1,1958-02-26,88490
2032,Huart,Raphaël,1,1983-04-23,88650
2033,Remy,Chantal,2,1994-09-17,88430
2034,Verrier,Emilienne,2,1994-12-20,88490
2035,Benoist,Max,1,1977-12-21,88110
2036,Rossi,Vianney,1,1948-06-22,88100
2037,Bastien,Tim,1,1967-02-16,88100
2038,Robinet,Manuel,1,1973-03-24,88100
2039,Angot,Gérard,1,1989-06-16,88100
2040,Andrieu,Salomé,2,1961-11-01,88100
2041,Chatelain,Karine,2,1950-03-25,88100
2042,Le Gal,Kenzo,1,1972-11-24,88100
2043,Bossard,Laurence,2,1951-10-27,88210
2044,Leduc,Jean-Baptiste,1,1992-11-02,88480
2045,Teissier,Sonia,2,1953-10-24,88480
2046,Foucault,Jordan,1,1990-04-20,88470
2047,Gerardin,Mylène,2,1980-06-17,88210
2048,Rochette,François,1,1951-04-03,88480
2049,Romero,Thibaut,1,1959-03-06,88100
2050,Imbert,Madeleine,2,1951-08-27,88420
2051,Verger,Samantha,2,1978-09-08,88580
2052,Lavaud,Théo,1,1967-08-09,88100
2053,Legros,Naël,1,1948-04-04,88650
2054,Teyssier,Lou,2,1986-05-30,88480
2055,Bodin,Kelly,2,1966-03-19,88100
2056,Rey,Margot,2,1958-05-31,88420
2057,Michaud,Yann,1,1947-11-09,88100
2058,Etienne,Marie-Louise,2,1987-06-28,88490
2059,Cotte,Marie-Noëlle,2,1968-07-02,88100
2060,Serra,Marie-Pierre,2,1976-07-28,88100
2061,Herve,Célestin,1,1948-08-26,88470
2062,Beal,Leonie,2,1965-12-22,88520
2063,Bigot,Maria,2,1979-04-30,88100
2064,Hennequin,Edith,2,1953-03-23,88520
2065,Dorion,Cindy,2,1968-05-15,88490
2066,Marechal,Gaspard,1,1992-04-02,88520
2067,Philippot,Roman,1,1984-02-13,88490
2068,Zimmermann,Jacques,1,1955-01-19,88490
2069,Riou,Florence,2,1956-03-09,88100
2070,Vidal,Charlène,2,1977-10-24,88430
2071,Coste,Danielle,2,1976-05-24,88480
2072,Luce,Olivia,2,1986-09-23,88210
2073,Lahaye,Micheline,2,1990-10-24,88430
2074,Verdier,Mathilde,2,1949-10-19,88420
2075,Kinnear,Alistair,1,1985-06-09,88490
2076,Barrau,Catherine,2,1961-11-26,88520
2077,Le bras,Théophile,1,1947-11-12,88520
2078,Ben,Matéo,1,1954-02-02,88580
2079,Keller,Harry,1,1970-10-12,88520
2080,Munier,Bernard,1,1950-05-26,88100
2081,Clavier,Jean-Marie,1,1993-03-31,88100
2082,Lacroix,Jacqueline,2,1979-06-24,88100
2083,Louvet,Céleste,2,1967-07-28,88520
2084,Chaput,Ange,1,1989-04-16,88470
2085,Mounier,Nathan,1,1956-12-01,88210
2086,Peyre,Yvette,2,1993-02-16,88100
2087,Le borgne,Milo,1,1982-06-04,88650
2088,Bonneau,Claire,2,1974-08-23,88470
2089,Cuny,Victoria,2,1967-01-05,88480
2090,Marc,Fernande,2,1985-12-21,88100
2091,Leprince,Julien,1,1977-02-10,88650
2092,Rio,Jean-Philippe,1,1970-11-14,88480
2093,Dion,Clément,1,1985-09-13,88650
2094,Frey,Liam,1,1973-04-18,88470
2095,James,Germaine,2,1948-06-07,88110
2096,Lassalle,Dorian,1,1980-09-30,88490
2097,Grandjean,Clara,2,1962-10-02,88100
2098,Jaouen,Téo,1,1973-04-05,88420
2099,Fevre,Josette,2,1954-12-06,88110
2100,Dutertre,Gilbert,1,1949-11-02,88100
2101,Chene,Nicole,2,1971-12-03,88490
2102,Briere,Felix,1,1949-09-25,88100
2103,de Chansiergues,Tabitha,2,1985-04-24,88490
2104,Pigeon,Ginette,2,1951-09-29,88100
2105,Tissier,Nadege,2,1949-11-15,88430
2106,Le gall,Cloé,2,1961-12-08,88420
2107,Coulon,Bénédicte,2,1945-11-12,88110
2108,Landry,Elie,1,1950-08-20,88210
2109,Cornet,Richard,1,1957-05-08,88470
2110,Dubus,Jules,1,1973-01-14,88470
2111,Pinot,Urbain,1,1963-09-02,88520
2112,Boyer,Milan,1,1952-08-09,88100
2113,Arnoux,Edouard,1,1985-12-01,88100
2114,Diaz,Marius,1,1974-12-18,88110
2115,Becker,Basile,1,1978-07-27,88650
2116,Mayer,Johanna,2,1984-02-25,88650
2117,Wolff,Hector,1,1961-03-31,88100
2118,Gautier,Luc,1,1966-01-08,88110
2119,Bourgoin,Farah,2,1976-01-10,88110
2120,Dupond,Léa,2,1958-10-12,88490
2121,Dussart,Robert,1,1976-03-27,88490
2122,Bazin,Ursula,2,1970-01-03,88100
2123,Merle,Corinne,2,1968-11-14,88490
2124,Lerond,Albin,1,1953-11-04,88580
2125,Beck,Ryan,1,1978-10-10,88420
2126,Godard,Sandrine,2,1949-04-22,88100
2127,Payet,Logan,1,1948-01-31,88100
2128,Bel,Cerise,2,1969-01-11,88100
2129,Guyard,David,1,1957-01-30,88650
2130,Poncet,Hubert,1,1993-11-22,88210
2131,Chretien,Maud,2,1976-08-16,88100
2132,Neveu,Bernadette,2,1965-06-22,88650
2133,Schneider,Abigaëlle,2,1966-04-22,88580
2134,Doucet,Angèle,2,1967-08-06,88420
2135,Ricci,Huguette,2,1953-08-03,88110
2136,Charlot,Noa,1,1986-06-13,88210
2137,Pons,Fabien,1,1994-05-28,88420
2138,Gallo,Alicia,2,1991-07-14,88490
2139,Lebas,Peggy,2,1973-01-20,88420
2140,Lavergne,Paolo,1,1973-10-19,88100
2141,Duprat,Gisèle,2,1979-09-03,88100
2142,Hue,Fanny,2,1987-01-18,88580
2143,Ollier,Alix,1,1992-06-21,88100
2144,Langlet,Cyril,1,1985-02-23,88100
2145,Amiot,Kévin,1,1949-12-31,88110
2146,Stephan,Coline,2,1954-06-21,88100
2147,Castel,Valérie,2,1987-02-01,88490
2148,Lesage,Christian,1,1960-03-30,88420
2149,Murat,Théodore,1,1956-01-06,88210
2150,Leon,Léandre,1,1970-09-21,88650
2151,Simonnet,Patrick,1,1993-08-26,88650
2152,Chateau,Jonathan,1,1994-12-04,88650
2153,Duquesne,Brigitte,2,1950-05-25,88100
2154,Mallet,Yoann,1,1951-03-27,88420
2155,Dupouy,Timeo,1,1952-04-27,88210
2156,Le moal,Valère,1,1960-08-20,88430
2157,Molinier,Denise,2,1986-02-07,88650
2158,Cordonnier,Aurore,2,1966-02-19,88480
2159,Thiriet,Patricia,2,1963-03-18,88100
2160,Paquet,Laurent,1,1946-08-19,88110
2161,Berthelot,Gaston,1,1957-04-06,88210
2162,Jourdain,Jade,2,1976-10-13,88210
2163,Fraisse,Aurelia,2,1981-07-12,88420
2164,Bonnot,Amélie,2,1988-08-27,88100
2165,Dupuy,Marcel,1,1993-02-22,88580
2166,Servant,Juliette,2,1949-11-10,88100
2167,Brochet,Augustine,2,1994-11-20,88490
2168,Vallet,Antoinette,2,1964-03-18,88490
2169,Prost,Maël,1,1957-03-13,88470
2170,Navarro,Tania,2,1961-05-22,88490
2171,Chevrier,Daniel,1,1979-09-19,88420
2172,Marion,Magali,2,1983-05-19,88210
2173,Gutierrez,Guilhem,1,1945-04-22,88210
2174,Gallais,Philippe,1,1964-04-29,88100
2175,Joyeux,Roméo,1,1989-03-28,88490
2176,Remond,Loris,1,1974-03-23,88490
2177,Nedelec,Lorrain,1,1945-11-03,88100
2178,Even,Malone,1,1969-03-16,88490
2179,Delalande,Blanche,2,1976-06-03,88490
2180,Caron,Kewan,1,1950-06-27,88210
2181,Favreau,Lucienne,2,1961-04-26,88480
2182,Carre,Renée,2,1981-12-15,88100
2183,Blondel,Faustine,2,1954-02-01,88580
2184,Lebel,Pascale,2,1970-07-24,88650
2185,Corre,Josephine,2,1994-03-28,88100
2186,Simonet,Maé,1,1992-04-30,88100
2187,Chabot,Jeanne,2,1952-02-13,88100
2188,Parisot,Yvan,1,1950-10-30,88100
2189,Binet,Bertrand,1,1963-08-12,88480
2190,Maillard,Côme,1,1967-11-21,88650
2191,Baude,Arthur,1,1985-09-03,88100
2192,Henry,Marthe,2,1987-03-31,88480
2193,Lamy,Arlette,2,1956-01-23,88480
2194,Demange,Clovis,1,1988-09-24,88110
2195,Cousin,Liliane,2,1976-04-12,88490
2196,Feron,Annick,2,1945-05-09,88100
2197,Charbonnier,Maude,2,1990-01-22,88650
2198,Thiery,Eliane,2,1977-08-25,88100
2199,Pelle,Yannick,1,1965-08-19,88420
2200,Marti,Meline,2,1947-08-01,88100
2201,Guibert,Zora,2,1974-04-08,88420
2202,Lallemand,Pascal,1,1961-11-09,88480
2203,Chapuis,Alfred,1,1982-11-27,88100
2204,Gregoire,Emmanuelle,2,1983-09-13,88430
2205,Roussel,Chloé,2,1962-03-25,88100
2206,Delpech,Rudy,1,1973-06-26,88420
2207,Braud,Thierry,1,1951-09-28,88100
2208,Lemarchand,Sylvain,1,1952-04-16,88650
2209,Marty,Christelle,2,1976-01-26,88210
2210,Metayer,Melvin,1,1991-03-16,88420
2211,Fouquet,Sandro,1,1989-04-04,88480
2212,Fonteneau,Joan,1,1964-03-06,88420
2213,Boutet,Nathéo,1,1962-04-18,88470
2214,Bonnin,Yaël,1,1973-12-05,88110
2215,Bouvier,Boris,1,1989-05-01,88420
2216,Fillon,Valèry,1,1976-01-02,88110
2217,Billon,Hervé,1,1953-10-31,88650
2218,Prudhomme,Marguerite,2,1957-09-02,88210
2219,Bauduin,Malo,1,1960-02-18,88100
2220,Reynaud,Maxence,1,1960-12-14,88100
2221,Faivre,Lena,2,1989-10-06,88100
2222,Moreno,Carlos,1,1948-04-24,88580
2223,Jouan,Adrien,1,1982-10-04,88470
2224,Prat,Didier,1,1985-09-02,88580
2225,Vivier,Matt,1,1974-11-14,88480
2226,Guedon,Linda,2,1961-12-20,88100
2227,Borel,Elouan,1,1987-04-12,88430
2228,Guegan,Axel,1,1946-12-18,88480
2229,Bellec,Estéban,1,1969-09-24,88650
2230,Massot,Charlotte,2,1973-03-17,88100
2231,Garcia,Colette,2,1945-07-16,88420
2232,Vallee,Virginie,2,1970-01-12,88490
2233,Bloch,Pierre,1,1989-08-03,88210
2234,Debray,Lino,1,1992-01-01,88490
2235,Pierron,Samuel,1,1991-07-05,88100
2236,Munoz,Edwige,2,1979-07-29,88110
2237,Chapuis,Agathe,2,1986-03-04,88650
2238,Gregoire,Angeline,2,1946-02-22,88100
2239,Roussel,Elias,1,1976-01-11,88100
2240,Delpech,Frédéric,1,1974-01-15,88580
2241,Braud,Emrys,1,1951-01-06,88520
2242,Wagner,Marin,1,1993-08-15,88100
2243,Fievet,Caroline,2,1951-01-14,88490
2244,Maury,Rose-Marie,2,1965-07-03,88100
2245,Guilbaud,Noham,1,1967-04-24,88210
2246,Besnard,Josiane,2,1969-01-15,88100
2247,Cuvelier,Victorine,2,1946-04-23,88100
2248,Baudouin,Thomas,1,1993-10-04,88420
2249,Fremont,Henriette,2,1969-01-05,88100
2250,Chauveau,Laurie,2,1991-09-20,88110
2251,Maurin,Gilles,1,1989-06-19,88110
2252,Ragot,Tristan,1,1960-06-26,88490
2253,Pouget,Achille,1,1968-03-31,88480
2254,Gérard,Laurine,2,1974-09-25,88480
2255,Aubertin,Albert,1,1983-05-29,88100
2256,Philippon,Agnès,2,1981-01-13,88110
2257,Papin,Mathis,1,1958-04-15,88100
2258,Pillet,Anne-Lise,2,1989-03-19,88580
2259,Berard,Georgette,2,1986-08-15,88490
2260,Aubin,Marie-Claude,2,1962-01-23,88430
2261,Dubourg,Anthony,1,1988-01-21,88520
2262,Lucas,Delphine,2,1950-08-26,88650
2263,Renaud,Thaïs,2,1977-11-15,88210
2264,Cochet,Ghislaine,2,1965-09-09,88650
2265,Sevin,Tessa,2,1958-08-13,88430
2266,Billy,Timothée,1,1951-02-22,88490
2267,Bouchet,Gustave,1,1994-09-05,88420
2268,Renou,Frédérique,2,1961-02-14,88650
2269,Prunier,Arwen,2,1959-07-01,88100
2270,Auffret,Pierrette,2,1967-10-11,88470
2271,Cote,Malcom,1,1976-11-05,88110
2272,Le bihan,Nolan,1,1947-09-15,88110
2273,Mousset,Joachim,1,1965-03-06,88650
2274,Lebreton,Olive,1,1988-01-15,88580
2275,Bocquet,Sylvie,2,1950-05-08,88480
2276,Guiot,Loïs,1,1985-08-08,88100
2277,Philibert,Jonas,1,1962-07-30,88210
2278,Rousselle,Alexandra,2,1956-02-29,88100
2279,Huart,Martin,1,1967-12-12,88100
2280,Remy,Yaëlle,2,1979-08-27,88490
2281,Verrier,Youna,2,1982-02-17,88470
2282,Benoist,Charline,2,1959-04-05,88430
2283,Rossi,Ludivine,2,1981-08-17,88520
2284,Bastien,Cécile,2,1946-03-07,88520
2285,Robinet,Pimprenelle,2,1950-07-05,88110
2286,Angot,Gwendoline,2,1968-02-09,88520
2287,Andrieu,Gabriel,1,1994-10-19,88650
2288,Chatelain,Annabelle,2,1961-12-16,88470
2289,Le Gal,Dylan,1,1960-07-17,88430
2290,Bossard,Mylan,1,1948-10-27,88430
2291,Leduc,Joelle,2,1966-02-01,88470
2292,Teissier,Diego,1,1955-05-23,88430
2293,Foucault,Ruben,1,1955-06-04,88470
2294,Gerardin,Marianne,2,1994-09-08,88470
2295,Rochette,Vincent,1,1959-05-19,88100
2296,Romero,Fabrice,1,1954-08-21,88480
2297,Imbert,Lucas,1,1964-06-17,88420
2298,Verger,Claude,1,1946-03-06,88480
2299,Lavaud,Baptiste,1,1948-08-30,88100
2300,Aubin,Joanna,2,1987-10-11,88100
2301,Dubourg,Augustin,1,1985-10-21,88430
2302,Lucas,Gaëlle,2,1994-01-01,88470
2303,Renaud,Eloi,1,1977-06-21,88520
2304,Cochet,Ernest,1,1957-07-12,88470
2305,Sevin,René,1,1978-06-13,88470
2306,Billy,Rose-Anne,2,1978-03-03,88470
2307,Bouchet,Ophélie,2,1971-10-30,88420
2308,Renou,Roland,1,1989-08-27,88650
2309,Prunier,Dany,1,1973-07-26,88420
2310,Auffret,Loïc,1,1979-06-15,88100
2311,Cote,Yohann,1,1986-02-15,88470
2312,Le bihan,Lola,2,1963-11-26,88420
2313,Mousset,Cyril,1,1971-03-05,88420
2314,Lebreton,Kévin,1,1955-07-11,88430
2315,Bocquet,Coline,2,1945-04-17,88480
2316,Guiot,Valérie,2,1971-01-22,88520
2317,Philibert,Christian,1,1970-12-06,88480
2318,Meyer,Théodore,1,1951-05-04,88520
2319,Piat,Léandre,1,1968-11-21,88110
2320,Mauduit,Patrick,1,1949-05-04,88650
2321,Le bars,Jonathan,1,1952-06-05,88480
2322,Tisserand,Brigitte,2,1974-02-19,88110
2323,Lecocq,Yoann,1,1984-04-10,88650
2324,Delhaye,Timeo,1,1977-12-20,88100
2325,Ledoux,Valère,1,1980-01-30,88580
2326,Gueguen,Denise,2,1975-12-30,88650
2327,Deschamps,Aurore,2,1969-05-05,88480
2328,Delattre,Patricia,2,1961-05-25,88490
2329,Moulin,Laurent,1,1962-03-24,88480
2330,Collot,Gaston,1,1951-06-01,88520
2331,Aubert,Jade,2,1953-11-21,88520
2332,Tournier,Aurelia,2,1956-05-22,88650
2333,Godin,Amélie,2,1954-08-31,88110
2334,Delannoy,Marcel,1,1972-07-28,88520
2335,Jouve,Juliette,2,1973-04-24,88580
2336,de Montclos,Augustine,2,1985-06-08,88650
2337,Carriere,Antoinette,2,1953-06-25,88480
2338,Segard,Maël,1,1963-12-13,88100
2339,Andre,Tania,2,1983-08-16,88580
2340,Monteil,Daniel,1,1975-04-08,88100
2341,Motte,Magali,2,1971-10-14,88480
2342,Mahe,Guilhem,1,1973-07-16,88210
2343,Naudin,Philippe,1,1965-11-27,88100
2344,Payen,Roméo,1,1982-12-13,88430
2345,Laine,Loris,1,1983-08-31,88650
2346,Beaulieu,Lorrain,1,1952-02-27,88480
2347,Brisset,Malone,1,1967-04-19,88210
2348,Goupil,Blanche,2,1980-05-14,88100
2349,Varlet,Kewan,1,1986-05-20,88580
2350,Bellot,Lucienne,2,1952-02-28,88490
2351,Raoul,Renée,2,1974-03-26,88100
2352,Lechat,Faustine,2,1959-08-06,88420
2353,Babin,Pascale,2,1988-10-09,88100
2354,Racine,Josephine,2,1977-03-23,88110
2355,Dubuc,Maé,1,1982-03-28,88650
2356,Ferrari,Jeanne,2,1962-03-11,88100
2357,Vautrin,Yvan,1,1962-12-27,88480
2358,Riviere,Bertrand,1,1992-08-15,88110
2359,Roux,Côme,1,1992-08-04,88100
2360,Boutin,Arthur,1,1972-08-16,88110
2361,Gosselin,Marthe,2,1966-01-02,88100
2362,Tison,Arlette,2,1961-01-09,88520
2363,Puech,Cyril,1,1956-08-21,88470
2364,Huchet,Kévin,1,1947-06-03,88470
2365,Mazet,Coline,2,1975-05-27,88110
2366,Lang,Valérie,2,1974-02-02,88420
2367,Ouvrard,Christian,1,1992-07-03,88210
2368,Tardieu,Théodore,1,1949-12-23,88470
2369,Grimaud,Léandre,1,1955-01-24,88100
2370,Raimbault,Patrick,1,1963-10-10,88100
2371,Luciani,Jonathan,1,1994-08-08,88470
2372,Huguet,Brigitte,2,1983-04-16,88100
2373,Rillart de Verneuil,Yoann,1,1952-10-30,88480
2374,Gosset,Timeo,1,1963-02-16,88480
2375,Tran,Valère,1,1994-03-07,88430
2376,Lesueur,Denise,2,1988-10-15,88430
2377,Hoffmann,Aurore,2,1975-02-07,88480
2378,Menard,Patricia,2,1977-01-04,88470
2379,Terrien,Laurent,1,1974-10-29,88520
2380,Grange,Gaston,1,1948-04-06,88480
2381,Carpentier,Jade,2,1991-06-01,88490
2382,Louis,Aurelia,2,1957-12-22,88100
2383,Blandin,Amélie,2,1969-02-14,88210
2384,Piot,Marcel,1,1971-04-02,88480
2385,Rigaud,Juliette,2,1982-08-07,88490
2386,Vigneron,Augustine,2,1976-05-06,88100
2387,Le roux,Antoinette,2,1966-06-13,88210
2388,Caillaud,Maël,1,1975-12-21,88480
2389,Loyer,Tania,2,1959-11-10,88490
2390,Michel,Cyril,1,1975-02-06,88100
2391,Mora,Kévin,1,1959-07-11,88110
2392,Jan,Coline,2,1989-05-24,88420
2393,Garrigues,Valérie,2,1987-07-19,88110
2394,Chaix,Christian,1,1963-08-09,88480
2395,Le Coz,Cyril,1,1945-08-08,88520
2396,Portal,Kévin,1,1959-11-01,88490
2397,Miquel,Coline,2,1985-11-02,88580
2398,Hoareau,Valérie,2,1971-08-05,88480
2399,Fontaine,Christian,1,1973-08-25,88480
2400,Pham,Cyril,1,1979-01-18,88100
2401,d'Harcourt,Alfred,1,1950-04-10,88520
2402,Cros,Emmanuelle,2,1968-12-03,88470
2403,Chollet,Chloé,2,1970-01-19,88100
2404,Auger,Rudy,1,1970-09-03,88470
2405,Caillet,Thierry,1,1994-12-12,88100
2406,Perrault,Sylvain,1,1962-11-23,88650
2407,Blaise,Christelle,2,1961-01-23,88100
2408,Pouliquen,Melvin,1,1975-11-03,88420
2409,Roca,Sandro,1,1976-01-09,88110
2410,Allemand,Joan,1,1969-03-26,88110
2411,Barbier,Nathéo,1,1964-09-20,88100
2412,Sorin,Yaël,1,1948-12-14,88420
2413,Roger,Boris,1,1966-07-06,88100
2414,Bailleul,Valèry,1,1952-07-20,88650
2415,Guillemin,Hervé,1,1975-12-23,88650
2416,Guery,Marguerite,2,1949-10-23,88580
2417,Laffont,Malo,1,1974-07-22,88480
2418,Mercier,Maxence,1,1952-12-29,88210
2419,Franco,Lena,2,1964-12-30,88490
2420,Daval,Carlos,1,1953-01-26,88650
2421,Jullien,Adrien,1,1979-05-06,88580
2422,Caro,Didier,1,1962-12-31,88100
2423,Bonnel,Matt,1,1978-10-21,88480
2424,Bataille,Linda,2,1962-03-25,88210
2425,Samson,Elouan,1,1954-06-15,88110
2426,Brunel,Axel,1,1969-04-04,88490
2427,Douay,Estéban,1,1974-02-21,88650
2428,Vannier,Charlotte,2,1986-02-06,88480
2429,Leveque,Colette,2,1982-07-12,88520
2430,Bayle,Virginie,2,1981-02-04,88420
2431,Combe,Pierre,1,1964-11-21,88490
2432,Monnier,Lino,1,1975-11-11,88100
2433,Gaudemaris,Samuel,1,1992-11-07,88580
2434,Rambaud,Edwige,2,1955-06-11,88480
2435,Lemoine,Agathe,2,1976-09-28,88520
2436,Loisel,Angeline,2,1949-06-16,88100
2437,Moreira,Elias,1,1948-02-22,88210
2438,Lafitte,Frédéric,1,1978-01-30,88470
2439,Blanchard,Rose-Marie,2,1979-02-16,88100
